# Sequel Pro dump
# Version 2492
# http://code.google.com/p/sequel-pro
#
# Host: 103.41.55.50 (MySQL 5.5.12-log)
# Database: dbpinit
# Generation Time: 2015-10-15 16:46:30 +0000
# ************************************************************

/*!40101 SET @OLD_CHARACTER_SET_CLIENT=@@CHARACTER_SET_CLIENT */;
/*!40101 SET @OLD_CHARACTER_SET_RESULTS=@@CHARACTER_SET_RESULTS */;
/*!40101 SET @OLD_COLLATION_CONNECTION=@@COLLATION_CONNECTION */;
/*!40101 SET NAMES utf8 */;
/*!40014 SET @OLD_UNIQUE_CHECKS=@@UNIQUE_CHECKS, UNIQUE_CHECKS=0 */;
/*!40014 SET @OLD_FOREIGN_KEY_CHECKS=@@FOREIGN_KEY_CHECKS, FOREIGN_KEY_CHECKS=0 */;
/*!40101 SET @OLD_SQL_MODE=@@SQL_MODE, SQL_MODE='NO_AUTO_VALUE_ON_ZERO' */;
/*!40111 SET @OLD_SQL_NOTES=@@SQL_NOTES, SQL_NOTES=0 */;



# Dump of table tm_system_file
# ------------------------------------------------------------

DROP TABLE IF EXISTS `tm_system_file`;

CREATE TABLE `tm_system_file` (
  `file_id` varchar(45) NOT NULL COMMENT '文件ID',
  `file_name` varchar(45) NOT NULL COMMENT '文件原始名称',
  `file_batch` varchar(45) NOT NULL COMMENT '文件批次号',
  `file_size` varchar(20) NOT NULL COMMENT '文件大小',
  `file_path` varchar(20) NOT NULL COMMENT '文件地址',
  `file_suffix` varchar(10) NOT NULL COMMENT '文件后缀',
  PRIMARY KEY (`file_id`) USING BTREE
) ENGINE=InnoDB DEFAULT CHARSET=utf8 COMMENT='E-文件管理表';



# Dump of table tm_system_func
# ------------------------------------------------------------

DROP TABLE IF EXISTS `tm_system_func`;

CREATE TABLE `tm_system_func` (
  `func_id` smallint(5) unsigned NOT NULL COMMENT '功能ID',
  `func_pid` smallint(5) unsigned NOT NULL COMMENT '功能父ID',
  `func_no` smallint(5) unsigned NOT NULL COMMENT '功能序号',
  `func_type` varchar(2) NOT NULL COMMENT '功能类型',
  `func_name` varchar(20) NOT NULL COMMENT '功能名称',
  `func_auth` varchar(45) NOT NULL COMMENT '功能权限',
  `func_action` varchar(100) NOT NULL COMMENT '功能动作',
  PRIMARY KEY (`func_id`)
) ENGINE=InnoDB DEFAULT CHARSET=utf8 COMMENT='E-功能管理表';

LOCK TABLES `tm_system_func` WRITE;
/*!40000 ALTER TABLE `tm_system_func` DISABLE KEYS */;
INSERT INTO `tm_system_func` (`func_id`,`func_pid`,`func_no`,`func_type`,`func_name`,`func_auth`,`func_action`)
VALUES
	(1,1,1,'01','架构管理','frame','#'),
	(2,2,2,'01','代码管理','code','#'),
	(3,3,3,'01','管理员管理','manager','#'),
	(51,1,51,'01','功能管理','frame_func','func;list;pagename=func_list'),
	(52,1,52,'01','页面管理','frame_page','page;list;pagename=page_list'),
	(53,1,53,'01','页面明细管理','frame_page_detail','pagedetail;list;pagename=page_detail_list&qrysort=page_id,page_detail_no'),
	(54,1,54,'01','清空缓存','frame_clear','clear;list'),
	(61,2,61,'01','基础代码','code_base','code;list;pagename=code_list'),
	(62,2,62,'01','地区代码','region_base','region;list;pagename=region_list'),
	(71,3,71,'01','管理员管理','user','user;list;pagename=user_list'),
	(72,3,72,'01','管理员角色管理','role','role;list;pagename=role_list'),
	(201,51,201,'02','功能管理-列表','func_list','#'),
	(202,51,202,'02','功能管理-查看','func_select','#'),
	(203,51,203,'02','功能管理-查询','func_query','#'),
	(204,51,204,'02','功能管理-增加','func_insert','#'),
	(205,51,205,'02','功能管理-删除','func_delete','#'),
	(206,51,206,'02','功能管理-修改','func_update','#'),
	(211,52,211,'02','页面管理-列表','page_list','#'),
	(212,52,212,'02','页面管理-查看','page_select','#'),
	(213,52,213,'02','页面管理-查询','page_query','#'),
	(214,52,214,'02','页面管理-增加','page_insert','#'),
	(215,52,215,'02','页面管理-删除','page_delete','#'),
	(216,52,216,'02','页面管理-修改','page_update','#'),
	(217,52,217,'02','页面工具-读取','tool_read','#'),
	(218,52,218,'02','页面工具-保存','tool_save','#'),
	(221,53,221,'02','页面明细管理-列表','pagedetail_list','#'),
	(222,53,222,'02','页面明细管理-查看','pagedetail_select','#'),
	(223,53,223,'02','页面明细管理-查询','pagedetail_query','#'),
	(224,53,224,'02','页面明细管理-增加','pagedetail_insert','#'),
	(225,53,225,'02','页面明细管理-删除','pagedetail_delete','#'),
	(226,53,226,'02','页面明细管理-修改','pagedetail_update','#'),
	(231,61,231,'02','基础代码管理-列表','code_list','#'),
	(232,61,232,'02','基础代码管理-查看','code_select','#'),
	(233,61,233,'02','基础代码管理-查询','code_query','#'),
	(234,61,234,'02','基础代码管理-增加','code_insert','#'),
	(235,61,235,'02','基础代码管理-删除','code_delete','#'),
	(236,61,236,'02','基础代码管理-修改','code_update','#'),
	(241,62,241,'02','地区代码管理-列表','region_list','#'),
	(242,62,242,'02','地区代码管理-查看','region_select','#'),
	(243,62,243,'02','地区代码管理-查询','region_query','#'),
	(244,62,244,'02','地区代码管理-增加','region_insert','#'),
	(245,62,245,'02','地区代码管理-删除','region_delete','#'),
	(246,62,246,'02','地区代码管理-修改','region_update','#'),
	(251,71,251,'02','管理员管理-列表','user_list','#'),
	(252,71,252,'02','管理员管理-查看','user_select','#'),
	(253,71,253,'02','管理员管理-查询','user_query','#'),
	(254,71,254,'02','管理员管理-增加','user_insert','#'),
	(255,71,255,'02','管理员管理-删除','user_delete','#'),
	(256,71,256,'02','管理员管理-修改','user_update','#'),
	(257,71,257,'02','管理员管理-强行改密','user_updatepswd','#'),
	(258,71,258,'02','管理员管理-权限','user_auth','#'),
	(259,71,259,'02','管理员管理-禁用','user_cancel','#'),
	(260,71,260,'02','管理员管理-启用','user_enable','#'),
	(261,72,261,'02','管理员角色管理-列表','role_list','#'),
	(262,72,262,'02','管理员角色管理-查看','role_select','#'),
	(263,72,263,'02','管理员角色管理-查询','role_query','#'),
	(264,72,264,'02','管理员角色管理-增加','role_insert','#'),
	(265,72,265,'02','管理员角色管理-删除','role_delete','#'),
	(266,72,266,'02','管理员角色管理-修改','role_update','#'),
	(267,72,267,'02','管理员角色管理-权限','role_auth','#'),
	(271,54,271,'02','清空缓存-菜单','clear_list','#');

/*!40000 ALTER TABLE `tm_system_func` ENABLE KEYS */;
UNLOCK TABLES;


# Dump of table tm_system_page
# ------------------------------------------------------------

DROP TABLE IF EXISTS `tm_system_page`;

CREATE TABLE `tm_system_page` (
  `page_id` int(10) unsigned NOT NULL AUTO_INCREMENT COMMENT '页面ID',
  `page_name` varchar(45) NOT NULL COMMENT '页面名称',
  `page_title` varchar(45) NOT NULL COMMENT '页面标题',
  `page_width` varchar(10) NOT NULL COMMENT '页面宽度',
  `page_height` varchar(10) NOT NULL COMMENT '页面高度',
  PRIMARY KEY (`page_id`),
  UNIQUE KEY `uq_pagename` (`page_name`)
) ENGINE=InnoDB AUTO_INCREMENT=1000 DEFAULT CHARSET=utf8 COMMENT='E-页面管理表';

LOCK TABLES `tm_system_page` WRITE;
/*!40000 ALTER TABLE `tm_system_page` DISABLE KEYS */;
INSERT INTO `tm_system_page` (`page_id`,`page_name`,`page_title`,`page_width`,`page_height`)
VALUES
	(1,'func_list','功能管理','900','600'),
	(2,'func_query','功能管理-查询','600','400'),
	(3,'func_insert','功能管理-增加','600','400'),
	(4,'func_update','功能管理-修改','600','400'),
	(5,'func_select','功能管理-查看','600','400'),
	(11,'page_list','页面管理','900','600'),
	(12,'page_query','页面管理-查询','500','310'),
	(13,'page_insert','页面管理-增加','500','310'),
	(14,'page_update','页面管理-修改','500','310'),
	(15,'page_select','页面管理-查看','500','280'),
	(21,'page_detail_list','页面明细管理','900','600'),
	(22,'page_detail_query','页面明细管理-查询','660','480'),
	(23,'page_detail_insert','页面明细管理-增加','660','480'),
	(24,'page_detail_update','页面明细管理-修改','660','480'),
	(25,'page_detail_select','页面明细管理-查看','660','450'),
	(31,'code_list','基础代码管理','900','600'),
	(32,'code_query','基础代码管理-查询','500','300'),
	(33,'code_insert','基础代码管理-增加','500','300'),
	(34,'code_update','基础代码管理-修改','500','300'),
	(35,'code_select','基础代码管理-查看','500','300'),
	(41,'region_list','地区码管理','900','600'),
	(42,'region_query','地区代码管理-查询','480','260'),
	(43,'region_insert','地区代码管理-增加','480','370'),
	(44,'region_update','地区代码管理-修改','480','370'),
	(101,'user_list','管理员管理','900','600'),
	(102,'user_query','管理员管理-查询','440','370'),
	(103,'user_insert','管理员管理-增加','440','370'),
	(104,'user_update','管理员管理-修改','440','290'),
	(105,'user_select','管理员管理-查看','440','370'),
	(106,'user_updatepswd','管理员管理-强行改密','440','180'),
	(107,'user_auth','管理员管理-授权','600','450'),
	(108,'user_supdatepswd','个人信息管理-密码修改','440','210'),
	(109,'user_supdate','个人信息管理-用户信息','440','210'),
	(111,'role_list','管理员角色管理','900','600'),
	(112,'role_query','管理员角色管理-查询','440','180'),
	(113,'role_insert','管理员角色管理-增加','540','230'),
	(114,'role_update','管理员角色管理-修改','540','230'),
	(115,'role_select','管理员角色管理-查看','540','230'),
	(116,'role_auth','管理员角色管理-授权','600','430'),
	(999,'test','999','999','999');

/*!40000 ALTER TABLE `tm_system_page` ENABLE KEYS */;
UNLOCK TABLES;


# Dump of table tm_system_page_detail
# ------------------------------------------------------------

DROP TABLE IF EXISTS `tm_system_page_detail`;

CREATE TABLE `tm_system_page_detail` (
  `page_detail_id` int(10) unsigned NOT NULL AUTO_INCREMENT COMMENT '组件ID',
  `page_id` int(10) unsigned NOT NULL COMMENT '页面ID',
  `page_detail_name` varchar(30) DEFAULT NULL COMMENT '组件名称',
  `page_detail_type` varchar(2) DEFAULT NULL COMMENT '组件类型',
  `page_detail_no` smallint(5) unsigned DEFAULT NULL COMMENT '组件序号',
  `page_detail_x` varchar(10) DEFAULT NULL COMMENT '组件X轴坐标',
  `page_detail_y` varchar(10) DEFAULT NULL COMMENT '组件Y轴坐标',
  `page_detail_width` varchar(10) DEFAULT NULL COMMENT '组件宽度',
  `page_detail_height` varchar(10) DEFAULT NULL COMMENT '组件高度',
  `page_detail_style` varchar(40) DEFAULT NULL COMMENT '组件样式',
  `page_detail_text` varchar(40) DEFAULT NULL COMMENT '组件显示文字',
  `page_detail_data` varchar(50) DEFAULT NULL COMMENT '组件数据源',
  `page_detail_visable` varchar(2) DEFAULT NULL COMMENT '组件是否可见',
  `page_detail_action` varchar(100) DEFAULT NULL COMMENT '组件动作',
  `page_detail_validator` varchar(100) DEFAULT NULL COMMENT '组件验证信息',
  `page_detail_errmsg` varchar(45) DEFAULT NULL COMMENT '组件错误信息',
  `page_detail_required` varchar(2) DEFAULT NULL COMMENT '组件是否必输',
  `page_detail_args` varchar(100) DEFAULT NULL COMMENT '组件参数',
  PRIMARY KEY (`page_detail_id`),
  KEY `fk_tm_page_detail_pageid` (`page_id`),
  CONSTRAINT `fk_tm_page_detail_pageid` FOREIGN KEY (`page_id`) REFERENCES `tm_system_page` (`page_id`)
) ENGINE=InnoDB AUTO_INCREMENT=565 DEFAULT CHARSET=utf8 COMMENT='E-页面明细管理表';

LOCK TABLES `tm_system_page_detail` WRITE;
/*!40000 ALTER TABLE `tm_system_page_detail` DISABLE KEYS */;
INSERT INTO `tm_system_page_detail` (`page_detail_id`,`page_id`,`page_detail_name`,`page_detail_type`,`page_detail_no`,`page_detail_x`,`page_detail_y`,`page_detail_width`,`page_detail_height`,`page_detail_style`,`page_detail_text`,`page_detail_data`,`page_detail_visable`,`page_detail_action`,`page_detail_validator`,`page_detail_errmsg`,`page_detail_required`,`page_detail_args`)
VALUES
	(1,1,NULL,'00',1,'100','30','75','25',NULL,'查看',NULL,'1','func;init;pagename=func_select','10',NULL,'1',NULL),
	(2,1,NULL,'02',2,'100','70','75','25','icon_query','查询',NULL,'1','func;init;pagename=func_query','00',NULL,'1',NULL),
	(3,1,NULL,'02',3,'100','110','75','25','icon_insert','增加',NULL,'1','func;init;pagename=func_insert','00',NULL,'1',NULL),
	(4,1,NULL,'02',4,'100','150','75','25','icon_update','修改',NULL,'1','func;init;pagename=func_update','10',NULL,'1',NULL),
	(5,1,NULL,'02',5,'100','190','75','25','icon_delete','删除',NULL,'1','func;delete','21',NULL,'1',NULL),
	(6,1,'id','01',6,'300','30','75','25',NULL,'ID',NULL,'1',NULL,NULL,NULL,'1',NULL),
	(7,1,'pid','01',7,'300','70','75','25',NULL,'PID',NULL,'1',NULL,NULL,NULL,'1',NULL),
	(8,1,'no','01',8,'300','110','75','25',NULL,'序号',NULL,'1',NULL,NULL,NULL,'1',NULL),
	(9,1,'type','01',9,'300','150','160','25',NULL,'类型','[C]{C001}','1',NULL,NULL,NULL,'1',NULL),
	(10,1,'name','01',10,'300','190','160','25',NULL,'名称',NULL,'1',NULL,NULL,NULL,'1',NULL),
	(11,1,'auth','01',11,'300','230','160','25',NULL,'权限',NULL,'1',NULL,NULL,NULL,'1',NULL),
	(12,1,'action','01',12,'300','270','0','25',NULL,'动作',NULL,'1',NULL,NULL,NULL,'1',NULL),
	(13,1,NULL,'02',5,'100','230','75','25',NULL,'测试',NULL,'1','test;init;pagename=test','00',NULL,'1',NULL),
	(14,2,NULL,'11',1,'70','20','100','25','hright','ID',NULL,'1',NULL,NULL,NULL,'1',NULL),
	(15,2,'id','12',2,'200','20','150','25',NULL,NULL,NULL,'1',NULL,'^\\d{1,5}$','ID应为1-5位数字','0',NULL),
	(16,2,NULL,'11',3,'70','60','100','25','hright','PID',NULL,'1',NULL,NULL,NULL,'1',NULL),
	(17,2,NULL,'11',5,'70','100','100','25','hright','序号',NULL,'1',NULL,NULL,NULL,'1',NULL),
	(18,2,NULL,'11',7,'70','140','100','25','hright','类型',NULL,'1',NULL,NULL,NULL,'1',NULL),
	(19,2,NULL,'11',9,'70','180','100','25','hright','名称',NULL,'1',NULL,NULL,NULL,'1',NULL),
	(20,2,NULL,'11',11,'70','220','100','25','hright','权限',NULL,'1',NULL,NULL,NULL,'1',NULL),
	(21,2,NULL,'11',13,'70','260','100','25','hright','动作',NULL,'1',NULL,NULL,NULL,'1',NULL),
	(22,2,'pid','12',4,'200','60','150','25',NULL,NULL,NULL,'1',NULL,'^\\d{1,5}$','页面ID应为1-5位数字','0',NULL),
	(23,2,'no','12',6,'200','100','150','25',NULL,NULL,NULL,'1',NULL,'^\\d{1,5}$','序号应为1-5位数字','0',NULL),
	(24,2,'type','15',8,'200','140','150','25',NULL,NULL,'[C]{C001}','1',NULL,NULL,NULL,'0',NULL),
	(25,2,'name','12',10,'200','180','150','25',NULL,NULL,NULL,'1',NULL,'^.{1,20}$','字符长度不得超过20位','0',NULL),
	(26,2,'auth','12',12,'200','220','150','25',NULL,NULL,NULL,'1',NULL,'^.{1,45}$','字符长度不得超过45位','0',NULL),
	(27,2,'action','13',14,'200','260','300','50',NULL,NULL,NULL,'1',NULL,'^.{1,100}$','字符长度不得超过100位','0',NULL),
	(28,2,NULL,'04',15,'423','7','75','25','btn_blue icon_refresh','清空',NULL,'1',NULL,NULL,NULL,'1',NULL),
	(29,2,NULL,'03',16,'508','7','75','25','btn_blue icon_query','查询',NULL,'1','func;query;pagename=func_list',NULL,NULL,'1',NULL),
	(30,3,NULL,'11',1,'70','20','100','25','hright','ID',NULL,'1',NULL,NULL,NULL,'1',NULL),
	(31,3,'id','12',2,'200','20','150','25',NULL,NULL,NULL,'1',NULL,'^\\d{1,5}$','ID应为1-5位数字','1',NULL),
	(32,3,NULL,'11',3,'70','60','100','25','hright','PID',NULL,'1',NULL,NULL,NULL,'1',NULL),
	(33,3,'pid','12',4,'200','60','150','25',NULL,NULL,NULL,'1',NULL,'^\\d{1,5}$','页面ID应为1-5位数字','1',NULL),
	(34,3,NULL,'11',5,'70','100','100','25','hright','序号',NULL,'1',NULL,NULL,NULL,'1',NULL),
	(35,3,'no','12',6,'200','100','150','25',NULL,NULL,NULL,'1',NULL,'^\\d{1,5}$','序号应为1-5位数字','1',NULL),
	(36,3,NULL,'11',7,'70','140','100','25','hright','类型',NULL,'1',NULL,NULL,NULL,'1',NULL),
	(37,3,'type','15',8,'200','140','150','25',NULL,NULL,'[C]{C001}','1',NULL,NULL,NULL,'1',NULL),
	(38,3,NULL,'11',9,'70','180','100','25','hright','名称',NULL,'1',NULL,NULL,NULL,'1',NULL),
	(39,3,'name','12',10,'200','180','150','25',NULL,NULL,NULL,'1',NULL,'^.{1,20}$','字符长度不得超过20位','1',NULL),
	(40,3,NULL,'11',11,'70','220','100','25','hright','权限',NULL,'1',NULL,NULL,NULL,'1',NULL),
	(41,3,'auth','12',12,'200','220','150','25',NULL,NULL,NULL,'1',NULL,'^.{1,45}$','字符长度不得超过45位','1',NULL),
	(42,3,NULL,'11',13,'70','260','100','25','hright','动作',NULL,'1',NULL,NULL,NULL,'1',NULL),
	(43,3,'action','13',14,'200','260','300','50',NULL,NULL,NULL,'1',NULL,'^.{1,100}$','字符长度不得超过100位','1',NULL),
	(44,3,NULL,'04',15,'423','7','75','25','btn_blue icon_refresh','清空',NULL,'1',NULL,NULL,NULL,'1',NULL),
	(45,3,NULL,'03',16,'508','7','75','25','btn_blue icon_insert','增加',NULL,'1','func;insert',NULL,NULL,'1',NULL),
	(46,4,NULL,'11',1,'70','20','100','25','hright','ID',NULL,'1',NULL,NULL,NULL,'1',NULL),
	(47,4,'id','12',2,'200','20','150','25',NULL,NULL,NULL,'1',NULL,'^\\d{1,5}$','ID应为1-5位数字','1',NULL),
	(48,4,NULL,'11',3,'70','60','100','25','hright','PID',NULL,'1',NULL,NULL,NULL,'1',NULL),
	(49,4,'pid','12',4,'200','60','150','25',NULL,NULL,NULL,'1',NULL,'^\\d{1,5}$','页面ID应为1-5位数字','1',NULL),
	(50,4,NULL,'11',5,'70','100','100','25','hright','序号',NULL,'1',NULL,NULL,NULL,'1',NULL),
	(51,4,'no','12',6,'200','100','150','25',NULL,NULL,NULL,'1',NULL,'^\\d{1,5}$','序号应为1-5位数字','1',NULL),
	(52,4,NULL,'11',7,'70','140','100','25','hright','类型',NULL,'1',NULL,NULL,NULL,'1',NULL),
	(53,4,'type','15',8,'200','140','150','25',NULL,NULL,'[C]{C001}','1',NULL,NULL,NULL,'1',NULL),
	(54,4,NULL,'11',9,'70','180','100','25','hright','名称',NULL,'1',NULL,NULL,NULL,'1',NULL),
	(55,4,'name','12',10,'200','180','150','25',NULL,NULL,NULL,'1',NULL,'^.{1,20}$','字符长度不得超过20位','1',NULL),
	(56,4,NULL,'11',11,'70','220','100','25','hright','权限',NULL,'1',NULL,NULL,NULL,'1',NULL),
	(57,4,'auth','12',12,'200','220','150','25',NULL,NULL,NULL,'1',NULL,'^.{1,45}$','字符长度不得超过45位','1',NULL),
	(58,4,NULL,'11',13,'70','260','100','25','hright','动作',NULL,'1',NULL,NULL,NULL,'1',NULL),
	(59,4,'action','13',14,'200','260','300','50',NULL,NULL,NULL,'1',NULL,'^.{1,100}$','字符长度不得超过100位','1',NULL),
	(60,4,NULL,'04',15,'423','7','75','25','btn_blue icon_refresh','清空',NULL,'1',NULL,NULL,NULL,'1',NULL),
	(61,4,NULL,'03',16,'508','7','75','25','btn_blue icon_update','修改',NULL,'1','func;update',NULL,NULL,'1',NULL),
	(62,5,NULL,'11',1,'70','20','100','25','hright','ID',NULL,'1',NULL,NULL,NULL,'1',NULL),
	(63,5,'id','12',2,'200','20','150','25',NULL,NULL,NULL,'1',NULL,NULL,NULL,'1',NULL),
	(64,5,NULL,'11',3,'70','60','100','25','hright','PID',NULL,'1',NULL,NULL,NULL,'1',NULL),
	(65,5,NULL,'11',4,'70','100','100','25','hright','序号',NULL,'1',NULL,NULL,NULL,'1',NULL),
	(66,5,NULL,'11',5,'70','140','100','25','hright','类型',NULL,'1',NULL,NULL,NULL,'1',NULL),
	(67,5,NULL,'11',6,'70','180','100','25','hright','名称',NULL,'1',NULL,NULL,NULL,'1',NULL),
	(68,5,NULL,'11',7,'70','220','100','25','hright','权限',NULL,'1',NULL,NULL,NULL,'1',NULL),
	(69,5,NULL,'11',8,'70','260','100','25','hright','动作',NULL,'1',NULL,NULL,NULL,'1',NULL),
	(70,5,'pid','12',9,'200','60','150','25',NULL,NULL,NULL,'1',NULL,NULL,NULL,'1',NULL),
	(71,5,'no','12',10,'200','100','150','25',NULL,NULL,NULL,'1',NULL,NULL,NULL,'1',NULL),
	(72,5,'type','12',11,'200','140','150','25',NULL,NULL,'[C]{C001}','1',NULL,NULL,NULL,'1',NULL),
	(73,5,'name','12',12,'200','180','150','25',NULL,NULL,NULL,'1',NULL,NULL,NULL,'1',NULL),
	(74,5,'auth','12',13,'200','220','150','25',NULL,NULL,NULL,'1',NULL,NULL,NULL,'1',NULL),
	(75,5,'action','13',14,'200','260','300','50',NULL,NULL,NULL,'1',NULL,NULL,NULL,'1',NULL),
	(76,11,NULL,'00',1,'100','30','75','25',NULL,'查看',NULL,'1','page;init;pagename=page_select','10',NULL,'1',NULL),
	(77,11,NULL,'02',2,'100','110','75','25','icon_query','查询',NULL,'1','page;init;pagename=page_query','00',NULL,'1',NULL),
	(78,11,NULL,'02',3,'100','70','75','25','icon_insert','增加',NULL,'1','page;init;pagename=page_insert','00',NULL,'1',NULL),
	(79,11,NULL,'02',4,'100','150','75','25','icon_update','修改',NULL,'1','page;init;pagename=page_update','10',NULL,'1',NULL),
	(80,11,NULL,'02',5,'100','190','75','25','icon_delete','删除',NULL,'1','page;delete','21',NULL,'1',NULL),
	(81,11,'id','01',6,'300','30','75','25',NULL,'ID',NULL,'1',NULL,NULL,NULL,'1',NULL),
	(82,11,'title','01',7,'300','110','300','25',NULL,'标题',NULL,'1',NULL,NULL,NULL,'1',NULL),
	(83,11,'name','01',8,'300','70','300','25',NULL,'名称',NULL,'1',NULL,NULL,NULL,'1',NULL),
	(84,11,'width','01',9,'300','150','200','25',NULL,'宽度',NULL,'1',NULL,NULL,NULL,'1',NULL),
	(85,11,'height','01',10,'300','190','0','25',NULL,'高度',NULL,'1',NULL,NULL,NULL,'1',NULL),
	(86,12,NULL,'11',1,'70','20','100','25','hright','ID',NULL,'1',NULL,NULL,NULL,'1',NULL),
	(87,12,'id','12',2,'200','20','150','25',NULL,NULL,NULL,'1',NULL,'^\\d{1,10}$','ID应为1-10位数字','0',NULL),
	(88,12,NULL,'11',3,'70','60','100','25','hright','名称',NULL,'1',NULL,NULL,NULL,'1',NULL),
	(89,12,NULL,'11',5,'70','100','100','25','hright','标题',NULL,'1',NULL,NULL,NULL,'1',NULL),
	(90,12,NULL,'11',7,'70','140','100','25','hright','宽度',NULL,'1',NULL,NULL,NULL,'1',NULL),
	(91,12,NULL,'11',9,'70','180','100','25','hright','高度',NULL,'1',NULL,NULL,NULL,'1',NULL),
	(92,12,'name','12',4,'200','60','150','25',NULL,NULL,NULL,'1',NULL,'^.{1,45}$','字符长度不得超过45位','0',NULL),
	(93,12,'title','12',6,'200','100','150','25',NULL,NULL,NULL,'1',NULL,'^.{1,45}$','字符长度不得超过45位','0',NULL),
	(94,12,'width','12',8,'200','140','150','25',NULL,NULL,NULL,'1',NULL,'^\\d{1,10}$','宽度应为1-10位数字','0',NULL),
	(95,12,'height','12',10,'200','180','150','25',NULL,NULL,NULL,'1',NULL,'^\\d{1,10}$','高度应为1-10位数字','0',NULL),
	(96,12,NULL,'04',11,'323','7','75','25','btn_blue icon_refresh','清空',NULL,'1',NULL,NULL,NULL,'1',NULL),
	(97,12,NULL,'03',12,'408','7','75','25','btn_blue icon_query','查询',NULL,'1','page;query;pagename=page_list',NULL,NULL,'1',NULL),
	(98,13,NULL,'11',1,'70','20','100','25','hright','ID',NULL,'1',NULL,NULL,NULL,'1',NULL),
	(99,13,'id','12',2,'200','20','150','25',NULL,NULL,NULL,'1',NULL,'^\\d{1,10}$','ID应为1-10位数字','1',NULL),
	(100,13,NULL,'11',3,'70','60','100','25','hright','名称',NULL,'1',NULL,NULL,NULL,'1',NULL),
	(101,13,NULL,'11',5,'70','100','100','25','hright','标题',NULL,'1',NULL,NULL,NULL,'1',NULL),
	(102,13,NULL,'11',7,'70','140','100','25','hright','宽度',NULL,'1',NULL,NULL,NULL,'1',NULL),
	(103,13,NULL,'11',9,'70','180','100','25','hright','高度',NULL,'1',NULL,NULL,NULL,'1',NULL),
	(104,13,'name','12',4,'200','60','150','25',NULL,NULL,NULL,'1',NULL,'^.{1,45}$','字符长度不得超过45位','1',NULL),
	(105,13,'title','12',6,'200','100','150','25',NULL,NULL,NULL,'1',NULL,'^.{1,45}$','字符长度不得超过45位','1',NULL),
	(106,13,'width','12',8,'200','140','150','25',NULL,NULL,NULL,'1',NULL,'^\\d{1,10}$','宽度应为1-10位数字','1',NULL),
	(107,13,'height','12',10,'200','180','150','25',NULL,NULL,NULL,'1',NULL,'^\\d{1,10}$','高度应为1-10位数字','1',NULL),
	(108,13,NULL,'04',11,'323','7','75','25','btn_blue icon_refresh','清空',NULL,'1',NULL,NULL,NULL,'1',NULL),
	(109,13,NULL,'03',12,'408','7','75','25','btn_blue icon_insert','增加',NULL,'1','page;insert',NULL,NULL,'1',NULL),
	(110,14,NULL,'11',1,'70','20','100','25','hright','ID',NULL,'1',NULL,NULL,NULL,'1',NULL),
	(111,14,'id','12',2,'200','20','150','25',NULL,NULL,NULL,'1',NULL,'^\\d{1,10}$','ID应为1-10位数字','1',NULL),
	(112,14,NULL,'11',3,'70','60','100','25','hright','名称',NULL,'1',NULL,NULL,NULL,'1',NULL),
	(113,14,NULL,'11',5,'70','100','100','25','hright','标题',NULL,'1',NULL,NULL,NULL,'1',NULL),
	(114,14,NULL,'11',7,'70','140','100','25','hright','宽度',NULL,'1',NULL,NULL,NULL,'1',NULL),
	(115,14,NULL,'11',9,'70','180','100','25','hright','高度',NULL,'1',NULL,NULL,NULL,'1',NULL),
	(116,14,'name','12',4,'200','60','150','25',NULL,NULL,NULL,'1',NULL,'^.{1,45}$','字符长度不得超过45位','1',NULL),
	(117,14,'title','12',6,'200','100','150','25',NULL,NULL,NULL,'1',NULL,'^.{1,45}$','字符长度不得超过45位','1',NULL),
	(118,14,'width','12',8,'200','140','150','25',NULL,NULL,NULL,'1',NULL,'^\\d{1,10}$','宽度应为1-10位数字','1',NULL),
	(119,14,'height','12',10,'200','180','150','25',NULL,NULL,NULL,'1',NULL,'^\\d{1,10}$','高度应为1-10位数字','1',NULL),
	(120,14,NULL,'04',11,'323','7','75','25','btn_blue icon_refresh','清空',NULL,'1',NULL,NULL,NULL,'1',NULL),
	(121,14,NULL,'03',12,'408','7','75','25','btn_blue icon_update','修改',NULL,'1','page;update',NULL,NULL,'1',NULL),
	(122,15,NULL,'11',1,'70','20','100','25','hright','ID',NULL,'1',NULL,NULL,NULL,'1',NULL),
	(123,15,'id','12',2,'200','20','150','25',NULL,NULL,NULL,'1',NULL,NULL,NULL,'1',NULL),
	(124,15,NULL,'11',3,'70','60','100','25','hright','名称',NULL,'1',NULL,NULL,NULL,'1',NULL),
	(125,15,NULL,'11',5,'70','100','100','25','hright','标题',NULL,'1',NULL,NULL,NULL,'1',NULL),
	(126,15,NULL,'11',7,'70','140','100','25','hright','宽度',NULL,'1',NULL,NULL,NULL,'1',NULL),
	(127,15,NULL,'11',9,'70','180','100','25','hright','高度',NULL,'1',NULL,NULL,NULL,'1',NULL),
	(128,15,'name','12',4,'200','60','150','25',NULL,NULL,NULL,'1',NULL,NULL,NULL,'1',NULL),
	(129,15,'title','12',6,'200','100','150','25',NULL,NULL,NULL,'1',NULL,NULL,NULL,'1',NULL),
	(130,15,'width','12',8,'200','140','150','25',NULL,NULL,NULL,'1',NULL,NULL,NULL,'1',NULL),
	(131,15,'height','12',10,'200','180','150','25',NULL,NULL,NULL,'1',NULL,NULL,NULL,'1',NULL),
	(132,21,'y','01',13,'300','310','100','25',NULL,'Y轴坐标',NULL,'1',NULL,NULL,NULL,'1',NULL),
	(133,21,'style','01',14,'500','30','0','25',NULL,'组件样式',NULL,'1',NULL,NULL,NULL,'1',NULL),
	(134,21,'text','01',15,'500','70','100','25',NULL,'显示文字',NULL,'0',NULL,NULL,NULL,'1',NULL),
	(135,21,'required','01',16,'500','110','100','25',NULL,'是否必输',NULL,'0',NULL,NULL,NULL,'1',NULL),
	(136,21,'data','01',17,'500','150','100','25',NULL,'数据源',NULL,'0',NULL,NULL,NULL,'1',NULL),
	(137,21,'visable','01',18,'500','190','100','25',NULL,'是否可见',NULL,'0',NULL,NULL,NULL,'1',NULL),
	(138,21,'action','01',19,'500','230','100','25',NULL,'组件动作',NULL,'0',NULL,NULL,NULL,'1',NULL),
	(139,21,'auth','01',20,'500','270','100','25',NULL,'验证信息',NULL,'0',NULL,NULL,NULL,'1',NULL),
	(140,21,'auth','01',21,'500','310','100','25',NULL,'错误信息',NULL,'0',NULL,NULL,NULL,'1',NULL),
	(141,21,'args','01',22,'500','350','100','25',NULL,'组件参数',NULL,'0',NULL,NULL,NULL,'1',NULL),
	(142,21,NULL,'00',1,'100','30','75','25',NULL,'查看',NULL,'1','pagedetail;init;pagename=page_detail_select','10',NULL,'1',NULL),
	(143,21,NULL,'02',2,'100','70','75','25','icon_query','查询',NULL,'1','pagedetail;init;pagename=page_detail_query','00',NULL,'1',NULL),
	(144,21,NULL,'02',3,'100','110','75','25','icon_insert','增加',NULL,'1','pagedetail;init;pagename=page_detail_insert','00',NULL,'1',NULL),
	(145,21,NULL,'02',4,'100','150','75','25','icon_update','修改',NULL,'1','pagedetail;init;pagename=page_detail_update','10',NULL,'1',NULL),
	(146,21,NULL,'02',5,'100','190','75','25','icon_delete','删除',NULL,'1','pagedetail;delete','21',NULL,'1',NULL),
	(147,21,'pageid','01',6,'300','30','120','25',NULL,'页面名称','[M]{data;page}','1',NULL,NULL,NULL,'1',NULL),
	(148,21,'no','01',7,'300','70','100','25',NULL,'组件序号',NULL,'1',NULL,NULL,NULL,'1',NULL),
	(149,21,'name','01',8,'300','110','100','25',NULL,'组件名称',NULL,'1',NULL,NULL,NULL,'1',NULL),
	(150,21,'type','01',9,'300','150','100','25',NULL,'组件类型',NULL,'1',NULL,NULL,NULL,'1',NULL),
	(151,21,'width','01',10,'300','190','100','25',NULL,'组件宽度',NULL,'1',NULL,NULL,NULL,'1',NULL),
	(152,21,'height','01',11,'300','230','100','25',NULL,'组件高度',NULL,'1',NULL,NULL,NULL,'1',NULL),
	(153,21,'x','01',12,'300','270','100','25',NULL,'X轴坐标',NULL,'1',NULL,NULL,NULL,'1',NULL),
	(154,22,NULL,'11',1,'20','30','100','25','hright','页面名称',NULL,'1',NULL,NULL,NULL,'1',NULL),
	(155,22,'pageid','15',2,'130','29','150','25',NULL,NULL,'[M]{data;page}','1',NULL,NULL,NULL,'0',NULL),
	(156,22,NULL,'11',5,'270','70','100','25','hright','组件名称',NULL,'1',NULL,NULL,NULL,'1',NULL),
	(157,22,NULL,'11',3,'20','70','100','25','hright','组件序号',NULL,'1',NULL,NULL,NULL,'1',NULL),
	(158,22,NULL,'11',11,'20','150','100','25','hright','组件宽度',NULL,'1',NULL,NULL,NULL,'1',NULL),
	(159,22,NULL,'11',25,'270','270','100','25','hright','显示文字',NULL,'1',NULL,NULL,NULL,'1',NULL),
	(160,22,NULL,'11',19,'20','230','100','25','hright','数据源',NULL,'1',NULL,NULL,NULL,'1',NULL),
	(161,22,NULL,'11',23,'20','270','100','25','hright','组件动作',NULL,'1',NULL,NULL,NULL,'1',NULL),
	(162,22,NULL,'11',29,'270','310','100','25','hright','错误信息',NULL,'1',NULL,NULL,NULL,'1',NULL),
	(163,22,NULL,'11',15,'20','190','100','25','hright','X轴坐标',NULL,'1',NULL,NULL,NULL,'1',NULL),
	(164,22,'name','12',6,'380','70','150','25',NULL,NULL,NULL,'1',NULL,'^.{1,20}$','字符长度不得超过20位','0',NULL),
	(165,22,'no','12',4,'130','70','150','25',NULL,NULL,NULL,'1',NULL,'^\\d{1,10}$','应为1-10位数字','0',NULL),
	(166,22,'width','12',12,'130','149','150','25',NULL,NULL,NULL,'1',NULL,'^\\d{1,10}$','应为1-10位数字','0',NULL),
	(167,22,'data','12',20,'130','230','150','25',NULL,NULL,NULL,'1',NULL,'^.{1,50}$','字符长度不得超过50位','0',NULL),
	(168,22,'x','12',16,'130','190','150','25',NULL,NULL,NULL,'1',NULL,'^\\d{1,10}$','应为1-10位数字','0',NULL),
	(169,22,'action','12',24,'130','269','150','25',NULL,NULL,NULL,'1',NULL,'^.{1,100}$','字符长度不得超过100位','0',NULL),
	(170,22,'validator','12',28,'130','309','150','25',NULL,NULL,NULL,'1',NULL,'^.{1,100}$','字符长度不得超过100位','0',NULL),
	(171,22,'args','12',32,'130','349','150','25',NULL,NULL,NULL,'1',NULL,'^.{1,100}$','字符长度不得超过100位','0',NULL),
	(172,22,NULL,'11',7,'20','110','100','25','hright','组件类型',NULL,'1',NULL,NULL,NULL,'1',NULL),
	(173,22,NULL,'11',9,'270','110','100','25','hright','组件样式',NULL,'1',NULL,NULL,NULL,'1',NULL),
	(174,22,NULL,'11',13,'270','150','100','25','hright','组件高度',NULL,'1',NULL,NULL,NULL,'1',NULL),
	(175,22,NULL,'11',21,'270','230','100','25','hright','是否必输',NULL,'1',NULL,NULL,NULL,'1',NULL),
	(176,22,NULL,'11',33,'270','350','100','25','hright','是否可见',NULL,'1',NULL,NULL,NULL,'1',NULL),
	(177,22,NULL,'11',27,'19','310','100','25','hright','验证信息',NULL,'1',NULL,NULL,NULL,'1',NULL),
	(178,22,NULL,'11',31,'20','350','100','25','hright','组件参数',NULL,'1',NULL,NULL,NULL,'1',NULL),
	(179,22,NULL,'11',17,'270','190','100','25','hright','Y轴坐标',NULL,'1',NULL,NULL,NULL,'1',NULL),
	(180,22,'style','12',10,'380','110','150','25',NULL,NULL,NULL,'1',NULL,'^.{1,40}$','字符长度不得超过40位','0',NULL),
	(181,22,'height','12',14,'380','150','150','25',NULL,NULL,NULL,'1',NULL,'^\\d{1,10}$','应为1-10位数字','0',NULL),
	(182,22,'y','12',18,'380','190','150','25',NULL,NULL,NULL,'1',NULL,'^\\d{1,10}$','应为1-10位数字','0',NULL),
	(183,22,'text','12',26,'380','270','150','25',NULL,NULL,NULL,'1',NULL,'^.{1,40}$','字符长度不得超过40位','0',NULL),
	(184,22,'errmsg','12',30,'380','310','150','25',NULL,NULL,NULL,'1',NULL,'^.{1,45}$','字符长度不得超过45位','0',NULL),
	(185,22,'type','15',8,'130','110','150','25',NULL,'ETextInput','[C]{C002}','1',NULL,NULL,NULL,'0',NULL),
	(186,22,'visable','15',34,'380','350','150','25',NULL,NULL,'[C]{C000}','1',NULL,NULL,NULL,'0',NULL),
	(187,22,'required','15',22,'380','230','150','25',NULL,NULL,'[C]{C000}','1',NULL,NULL,NULL,'0',NULL),
	(188,22,NULL,'04',35,'483','7','75','25','btn_blue icon_refresh','清空',NULL,'1',NULL,NULL,NULL,'1',NULL),
	(189,22,NULL,'03',36,'568','7','75','25','btn_blue icon_query','查询',NULL,'1','pagedetail;query;pagename=page_detail_list',NULL,NULL,'1',NULL),
	(190,23,NULL,'11',1,'20','30','100','25','hright','页面名称',NULL,'1',NULL,NULL,NULL,'1',NULL),
	(191,23,'pageid','15',2,'130','30','150','25',NULL,NULL,'[M]{data;page}','1',NULL,NULL,NULL,'1',NULL),
	(192,23,NULL,'11',5,'270','70','100','25','hright','组件名称',NULL,'1',NULL,NULL,NULL,'1',NULL),
	(193,23,NULL,'11',3,'20','70','100','25','hright','组件序号',NULL,'1',NULL,NULL,NULL,'1',NULL),
	(194,23,NULL,'11',11,'20','150','100','25','hright','组件宽度',NULL,'1',NULL,NULL,NULL,'1',NULL),
	(195,23,NULL,'11',25,'270','270','100','25','hright','显示文字',NULL,'1',NULL,NULL,NULL,'1',NULL),
	(196,23,NULL,'11',19,'20','230','100','25','hright','数据源',NULL,'1',NULL,NULL,NULL,'1',NULL),
	(197,23,NULL,'11',23,'20','270','100','25','hright','组件动作',NULL,'1',NULL,NULL,NULL,'1',NULL),
	(198,23,NULL,'11',29,'270','310','100','25','hright','错误信息',NULL,'1',NULL,NULL,NULL,'1',NULL),
	(199,23,NULL,'11',15,'20','190','100','25','hright','X轴坐标',NULL,'1',NULL,NULL,NULL,'1',NULL),
	(200,23,'name','12',6,'380','70','150','25',NULL,NULL,NULL,'1',NULL,'^.{1,20}$','字符长度不得超过20位','0',NULL),
	(201,23,'no','12',4,'130','70','150','25',NULL,NULL,NULL,'1',NULL,'^\\d{1,10}$','应为1-10位数字','1',NULL),
	(202,23,'width','12',12,'130','149','150','25',NULL,NULL,NULL,'1',NULL,'^\\d{1,10}$','应为1-10位数字','1',NULL),
	(203,23,'data','12',20,'130','230','150','25',NULL,NULL,NULL,'1',NULL,'^.{1,50}$','字符长度不得超过50位','0',NULL),
	(204,23,'x','12',16,'130','190','150','25',NULL,NULL,NULL,'1',NULL,'^\\d{1,10}$','应为1-10位数字','1',NULL),
	(205,23,'action','12',24,'130','269','150','25',NULL,NULL,NULL,'1',NULL,'^.{1,100}$','字符长度不得超过100位','0',NULL),
	(206,23,'validator','12',28,'130','309','150','25',NULL,NULL,NULL,'1',NULL,'^.{1,100}$','字符长度不得超过100位','0',NULL),
	(207,23,'args','12',32,'130','349','150','25',NULL,NULL,NULL,'1',NULL,'^.{1,100}$','字符长度不得超过100位','0',NULL),
	(208,23,NULL,'11',7,'20','110','100','25','hright','组件类型',NULL,'1',NULL,NULL,NULL,'1',NULL),
	(209,23,NULL,'11',9,'270','110','100','25','hright','组件样式',NULL,'1',NULL,NULL,NULL,'1',NULL),
	(210,23,NULL,'11',13,'270','150','100','25','hright','组件高度',NULL,'1',NULL,NULL,NULL,'1',NULL),
	(211,23,NULL,'11',21,'270','230','100','25','hright','是否必输',NULL,'1',NULL,NULL,NULL,'1',NULL),
	(212,23,NULL,'11',33,'270','350','100','25','hright','是否可见',NULL,'1',NULL,NULL,NULL,'1',NULL),
	(213,23,NULL,'11',27,'19','310','100','25','hright','验证信息',NULL,'1',NULL,NULL,NULL,'1',NULL),
	(214,23,NULL,'11',31,'20','350','100','25','hright','组件参数',NULL,'1',NULL,NULL,NULL,'1',NULL),
	(215,23,NULL,'11',17,'270','190','100','25','hright','Y轴坐标',NULL,'1',NULL,NULL,NULL,'1',NULL),
	(216,23,'style','12',10,'380','110','150','25',NULL,NULL,NULL,'1',NULL,'^.{1,40}$','字符长度不得超过40位','0',NULL),
	(217,23,'height','12',14,'380','150','150','25',NULL,NULL,NULL,'1',NULL,'^\\d{1,10}$','应为1-10位数字','1',NULL),
	(218,23,'y','12',18,'380','190','150','25',NULL,NULL,NULL,'1',NULL,'^\\d{1,10}$','应为1-10位数字','1',NULL),
	(219,23,'text','12',26,'380','270','150','25',NULL,NULL,NULL,'1',NULL,'^.{1,40}$','字符长度不得超过40位','0',NULL),
	(220,23,'errmsg','12',30,'380','310','150','25',NULL,NULL,NULL,'1',NULL,'^.{1,45}$','字符长度不得超过45位','0',NULL),
	(221,23,'type','15',8,'130','110','150','25',NULL,NULL,'[C]{C002}','1',NULL,NULL,NULL,'1',NULL),
	(222,23,'visable','15',34,'380','350','150','25',NULL,NULL,'[C]{C000}','1',NULL,NULL,NULL,'1',NULL),
	(223,23,'required','15',22,'380','230','150','25',NULL,NULL,'[C]{C000}','1',NULL,NULL,NULL,'0',NULL),
	(224,23,NULL,'04',35,'483','7','75','25','btn_blue icon_refresh','清空',NULL,'1',NULL,NULL,NULL,'1',NULL),
	(225,23,NULL,'03',36,'568','7','75','25','btn_blue icon_insert','增加',NULL,'1','pagedetail;insert',NULL,NULL,'1',NULL),
	(226,24,NULL,'11',1,'20','30','100','25','hright','页面名称',NULL,'1',NULL,NULL,NULL,'1',NULL),
	(227,24,'pageid','15',2,'130','30','150','25',NULL,NULL,'[M]{data;page}','1',NULL,NULL,NULL,'1',NULL),
	(228,24,NULL,'11',5,'270','70','100','25','hright','组件名称',NULL,'1',NULL,NULL,NULL,'1',NULL),
	(229,24,NULL,'11',3,'20','70','100','25','hright','组件序号',NULL,'1',NULL,NULL,NULL,'1',NULL),
	(230,24,NULL,'11',11,'20','150','100','25','hright','组件宽度',NULL,'1',NULL,NULL,NULL,'1',NULL),
	(231,24,NULL,'11',25,'270','270','100','25','hright','显示文字',NULL,'1',NULL,NULL,NULL,'1',NULL),
	(232,24,NULL,'11',19,'20','230','100','25','hright','数据源',NULL,'1',NULL,NULL,NULL,'1',NULL),
	(233,24,NULL,'11',23,'20','270','100','25','hright','组件动作',NULL,'1',NULL,NULL,NULL,'1',NULL),
	(234,24,NULL,'11',29,'270','310','100','25','hright','错误信息',NULL,'1',NULL,NULL,NULL,'1',NULL),
	(235,24,NULL,'11',15,'20','190','100','25','hright','X轴坐标',NULL,'1',NULL,NULL,NULL,'1',NULL),
	(236,24,'name','12',6,'380','70','150','25',NULL,NULL,NULL,'1',NULL,'^.{1,20}$','字符长度不得超过20位','0',NULL),
	(237,24,'no','12',4,'130','70','150','25',NULL,NULL,NULL,'1',NULL,'^\\d{1,10}$','应为1-10位数字','1',NULL),
	(238,24,'width','12',12,'130','149','150','25',NULL,NULL,NULL,'1',NULL,'^\\d{1,10}$','应为1-10位数字','1',NULL),
	(239,24,'data','12',20,'130','230','150','25',NULL,NULL,NULL,'1',NULL,'^.{1,50}$','字符长度不得超过50位','0',NULL),
	(240,24,'x','12',16,'130','190','150','25',NULL,NULL,NULL,'1',NULL,'^\\d{1,10}$','应为1-10位数字','1',NULL),
	(241,24,'action','12',24,'130','269','150','25',NULL,NULL,NULL,'1',NULL,'^.{1,100}$','字符长度不得超过100位','0',NULL),
	(242,24,'validator','12',28,'130','309','150','25',NULL,NULL,NULL,'1',NULL,'^.{1,100}$','字符长度不得超过100位','0',NULL),
	(243,24,'args','12',32,'130','349','150','25',NULL,NULL,NULL,'1',NULL,'^.{1,100}$','字符长度不得超过100位','0',NULL),
	(244,24,NULL,'11',7,'20','110','100','25','hright','组件类型',NULL,'1',NULL,NULL,NULL,'1',NULL),
	(245,24,NULL,'11',9,'270','110','100','25','hright','组件样式',NULL,'1',NULL,NULL,NULL,'1',NULL),
	(246,24,NULL,'11',13,'270','150','100','25','hright','组件高度',NULL,'1',NULL,NULL,NULL,'1',NULL),
	(247,24,NULL,'11',21,'270','230','100','25','hright','是否必输',NULL,'1',NULL,NULL,NULL,'1',NULL),
	(248,24,NULL,'11',33,'270','350','100','25','hright','是否可见',NULL,'1',NULL,NULL,NULL,'1',NULL),
	(249,24,NULL,'11',27,'19','310','100','25','hright','验证信息',NULL,'1',NULL,NULL,NULL,'1',NULL),
	(250,24,NULL,'11',31,'20','350','100','25','hright','组件参数',NULL,'1',NULL,NULL,NULL,'1',NULL),
	(251,24,NULL,'11',17,'270','190','100','25','hright','Y轴坐标',NULL,'1',NULL,NULL,NULL,'1',NULL),
	(252,24,'style','12',10,'380','110','150','25',NULL,NULL,NULL,'1',NULL,'^.{1,40}$','字符长度不得超过40位','0',NULL),
	(253,24,'height','12',14,'380','150','150','25',NULL,NULL,NULL,'1',NULL,'^\\d{1,10}$','应为1-10位数字','1',NULL),
	(254,24,'y','12',18,'380','190','150','25',NULL,NULL,NULL,'1',NULL,'^\\d{1,10}$','应为1-10位数字','1',NULL),
	(255,24,'text','12',26,'380','270','150','25',NULL,NULL,NULL,'1',NULL,'^.{1,40}$','字符长度不得超过40位','0',NULL),
	(256,24,'errmsg','12',30,'380','310','150','25',NULL,NULL,NULL,'1',NULL,'^.{1,45}$','字符长度不得超过45位','0',NULL),
	(257,24,'type','15',8,'130','110','150','25',NULL,NULL,'[C]{C002}','1',NULL,NULL,NULL,'1',NULL),
	(258,24,'visable','15',34,'380','350','150','25',NULL,NULL,'[C]{C000}','1',NULL,NULL,NULL,'1',NULL),
	(259,24,'required','15',22,'380','230','150','25',NULL,NULL,'[C]{C000}','1',NULL,NULL,NULL,'0',NULL),
	(260,24,NULL,'04',35,'483','7','75','25','btn_blue icon_refresh','清空',NULL,'1',NULL,NULL,NULL,'1',NULL),
	(261,24,NULL,'03',36,'568','7','75','25','btn_blue icon_update','修改',NULL,'1','pagedetail;update',NULL,NULL,'1',NULL),
	(262,25,'pageid','12',2,'130','30','150','25',NULL,NULL,'[M]{data;page}','1',NULL,NULL,NULL,'0',NULL),
	(263,25,NULL,'11',5,'270','70','100','25','hright','组件名称',NULL,'1',NULL,NULL,NULL,'1',NULL),
	(264,25,NULL,'11',3,'20','70','100','25','hright','组件序号',NULL,'1',NULL,NULL,NULL,'1',NULL),
	(265,25,NULL,'11',11,'20','150','100','25','hright','组件宽度',NULL,'1',NULL,NULL,NULL,'1',NULL),
	(266,25,NULL,'11',25,'270','270','100','25','hright','显示文字',NULL,'1',NULL,NULL,NULL,'1',NULL),
	(267,25,NULL,'11',19,'20','230','100','25','hright','数据源',NULL,'1',NULL,NULL,NULL,'1',NULL),
	(268,25,NULL,'11',23,'20','270','100','25','hright','组件动作',NULL,'1',NULL,NULL,NULL,'1',NULL),
	(269,25,NULL,'11',29,'270','310','100','25','hright','错误信息',NULL,'1',NULL,NULL,NULL,'1',NULL),
	(270,25,NULL,'11',15,'20','190','100','25','hright','X轴坐标',NULL,'1',NULL,NULL,NULL,'1',NULL),
	(271,25,'name','12',6,'380','70.5','150','25',NULL,NULL,NULL,'1',NULL,NULL,NULL,'0',NULL),
	(272,25,'no','12',4,'130','70','150','25',NULL,NULL,NULL,'1',NULL,NULL,NULL,'0',NULL),
	(273,25,'width','12',12,'130','150','150','25',NULL,NULL,NULL,'1',NULL,NULL,NULL,'0',NULL),
	(274,25,'data','12',20,'130','230','150','25',NULL,NULL,NULL,'1',NULL,NULL,NULL,'0',NULL),
	(275,25,'x','12',16,'130','190','150','25',NULL,NULL,NULL,'1',NULL,NULL,NULL,'0',NULL),
	(276,25,'action','12',24,'130','269','150','25',NULL,NULL,NULL,'1',NULL,NULL,NULL,'0',NULL),
	(277,25,'validator','12',28,'130','309','150','25',NULL,NULL,NULL,'1',NULL,NULL,NULL,'0',NULL),
	(278,25,'args','12',32,'130','349','150','25',NULL,NULL,NULL,'1',NULL,NULL,NULL,'0',NULL),
	(279,25,NULL,'11',7,'20','110','100','25','hright','组件类型',NULL,'1',NULL,NULL,NULL,'1',NULL),
	(280,25,NULL,'11',9,'270','110','100','25','hright','组件样式',NULL,'1',NULL,NULL,NULL,'1',NULL),
	(281,25,NULL,'11',13,'270','150','100','25','hright','组件高度',NULL,'1',NULL,NULL,NULL,'1',NULL),
	(282,25,NULL,'11',21,'270','230','100','25','hright','是否必输',NULL,'1',NULL,NULL,NULL,'1',NULL),
	(283,25,NULL,'11',33,'270','350','100','25','hright','是否可见',NULL,'1',NULL,NULL,NULL,'1',NULL),
	(284,25,NULL,'11',27,'19','310','100','25','hright','验证信息',NULL,'1',NULL,NULL,NULL,'1',NULL),
	(285,25,NULL,'11',31,'20','350','100','25','hright','组件参数',NULL,'1',NULL,NULL,NULL,'1',NULL),
	(286,25,NULL,'11',17,'270','190','100','25','hright','Y轴坐标',NULL,'1',NULL,NULL,NULL,'1',NULL),
	(287,25,'type','12',8,'130','110','150','25',NULL,NULL,NULL,'1',NULL,NULL,NULL,'0',NULL),
	(288,25,'style','12',10,'380','110','150','25',NULL,NULL,NULL,'1',NULL,NULL,NULL,'0',NULL),
	(289,25,'height','12',14,'380','150','150','25',NULL,NULL,NULL,'1',NULL,NULL,NULL,'0',NULL),
	(290,25,'required','12',22,'380','230','150','25',NULL,NULL,NULL,'1',NULL,NULL,NULL,'0',NULL),
	(291,25,'y','12',18,'380','190','150','25',NULL,NULL,NULL,'1',NULL,NULL,NULL,'0',NULL),
	(292,25,'text','12',26,'380','270','150','25',NULL,NULL,NULL,'1',NULL,NULL,NULL,'0',NULL),
	(293,25,'errmsg','12',30,'380','310','150','25',NULL,NULL,NULL,'1',NULL,NULL,NULL,'0',NULL),
	(294,25,'visable','12',34,'380','350','150','25',NULL,NULL,NULL,'1',NULL,NULL,NULL,'0',NULL),
	(295,25,NULL,'11',1,'20','30','100','25','hright','页面名称',NULL,'1',NULL,NULL,NULL,'1',NULL),
	(296,31,NULL,'00',1,'100','30','75','25',NULL,'查看',NULL,'1','code;init;pagename=code_select','10',NULL,'1',NULL),
	(297,31,NULL,'02',2,'100','70','75','25','icon_query','查询',NULL,'1','code;init;pagename=code_query','00',NULL,'1',NULL),
	(298,31,NULL,'02',3,'100','110','75','25','icon_insert','增加',NULL,'1','code;init;pagename=code_insert','00',NULL,'1',NULL),
	(299,31,NULL,'02',4,'100','150','75','25','icon_update','修改',NULL,'1','code;init;pagename=code_update','10',NULL,'1',NULL),
	(300,31,NULL,'02',5,'100','190','75','25','icon_delete','删除',NULL,'1','code;delete','11',NULL,'1',NULL),
	(301,31,'codeId','01',6,'300','30','200','25',NULL,'代码序号',NULL,'1',NULL,NULL,NULL,'1',NULL),
	(302,31,'codeKey','01',7,'300','70','200','25',NULL,'代码键',NULL,'1',NULL,NULL,NULL,'1',NULL),
	(303,31,'codeValue','01',8,'300','110','200','25',NULL,'代码值',NULL,'1',NULL,NULL,NULL,'1',NULL),
	(304,31,'codeNo','01',9,'300','150','160','25',NULL,'代码排序',NULL,'1',NULL,NULL,NULL,'1',NULL),
	(305,31,'codeMark','01',10,'300','190','0','25',NULL,'代码备注',NULL,'1',NULL,NULL,NULL,'1',NULL),
	(306,32,NULL,'11',1,'70','20','100','25','hright','代码序号',NULL,'1',NULL,NULL,NULL,'1',NULL),
	(307,32,'codeId','12',2,'200','20','150','25',NULL,NULL,NULL,'1',NULL,'^[C]\\d{1,3}$','格式为:C+3位数字，如C001','0',NULL),
	(308,32,NULL,'11',3,'70','60','100','25','hright','代码键',NULL,'1',NULL,NULL,NULL,'1',NULL),
	(309,32,'codeKey','12',4,'200','60','150','25',NULL,NULL,NULL,'1',NULL,'^\\d{1,6}$','应为1-6位数字','0',NULL),
	(310,32,NULL,'11',5,'70','100','100','25','hright','代码值',NULL,'1',NULL,NULL,NULL,'1',NULL),
	(311,32,'codeValue','12',6,'200','100','150','25',NULL,NULL,NULL,'1',NULL,'^.{1,20}$','字符长度不得超过20位','0',NULL),
	(312,32,NULL,'11',7,'70','140','100','25','hright','代码排序',NULL,'1',NULL,NULL,NULL,'1',NULL),
	(313,32,'codeNo','12',8,'200','140','150','25',NULL,NULL,NULL,'1',NULL,'^\\d{1,5}$','应为1-5位数字','0',NULL),
	(314,32,NULL,'11',9,'70','180','100','25','hright','代码备注',NULL,'1',NULL,NULL,NULL,'1',NULL),
	(315,32,'codeMark','12',10,'200','180','150','25',NULL,NULL,NULL,'1',NULL,'^.{1,45}$','字符长度不得超过45位','0',NULL),
	(316,32,NULL,'04',11,'323','7','75','25','btn_blue icon_refresh','清空',NULL,'1',NULL,NULL,NULL,'1',NULL),
	(317,32,NULL,'03',12,'408','7','75','25','btn_blue icon_query','查询',NULL,'1','code;query;pagename=code_list',NULL,NULL,'1',NULL),
	(318,33,NULL,'11',1,'70','20','100','25','hright','代码序号',NULL,'1',NULL,NULL,NULL,'1',NULL),
	(319,33,'codeId','12',2,'200','20','150','25',NULL,NULL,NULL,'1',NULL,'^[C]\\d{1,3}$','格式为:C+3位数字，如C001','1',NULL),
	(320,33,NULL,'11',3,'70','60','100','25','hright','代码键',NULL,'1',NULL,NULL,NULL,'1',NULL),
	(321,33,'codeKey','12',4,'200','60','150','25',NULL,NULL,NULL,'1',NULL,'^\\d{1,6}$','应为1-6位数字','1',NULL),
	(322,33,NULL,'11',5,'70','100','100','25','hright','代码值',NULL,'1',NULL,NULL,NULL,'1',NULL),
	(323,33,'codeValue','12',6,'200','100','150','25',NULL,NULL,NULL,'1',NULL,'^.{1,20}$','字符长度不得超过20位','1',NULL),
	(324,33,NULL,'11',7,'70','140','100','25','hright','代码排序',NULL,'1',NULL,NULL,NULL,'1',NULL),
	(325,33,'codeNo','12',8,'200','140','150','25',NULL,NULL,NULL,'1',NULL,'^\\d{1,5}$','应为1-5位数字','1',NULL),
	(326,33,NULL,'11',9,'70','180','100','25','hright','代码备注',NULL,'1',NULL,NULL,NULL,'1',NULL),
	(327,33,'codeMark','12',10,'200','180','150','25',NULL,NULL,NULL,'1',NULL,'^.{1,45}$','字符长度不得超过45位','0',NULL),
	(328,33,NULL,'04',11,'323','7','75','25','btn_blue icon_refresh','清空',NULL,'1',NULL,NULL,NULL,'1',NULL),
	(329,33,NULL,'03',12,'408','7','75','25','btn_blue icon_insert','增加',NULL,'1','code;insert',NULL,NULL,'1',NULL),
	(330,34,NULL,'11',1,'70','20','100','25','hright','代码序号',NULL,'1',NULL,NULL,NULL,'1',NULL),
	(331,34,'codeId','12',2,'200','20','150','25',NULL,NULL,NULL,'1',NULL,'^[C]\\d{1,3}$','格式为:C+3位数字，如C001','1',NULL),
	(332,34,NULL,'11',3,'70','60','100','25','hright','代码键',NULL,'1',NULL,NULL,NULL,'1',NULL),
	(333,34,'codeKey','12',4,'200','60','150','25',NULL,NULL,NULL,'1',NULL,'^\\d{1,6}$','应为1-6位数字','1',NULL),
	(334,34,NULL,'11',5,'70','100','100','25','hright','代码值',NULL,'1',NULL,NULL,NULL,'1',NULL),
	(335,34,'codeValue','12',6,'200','100','150','25',NULL,NULL,NULL,'1',NULL,'^.{1,20}$','字符长度不得超过20位','1',NULL),
	(336,34,NULL,'11',7,'70','140','100','25','hright','代码排序',NULL,'1',NULL,NULL,NULL,'1',NULL),
	(337,34,'codeNo','12',8,'200','140','150','25',NULL,NULL,NULL,'1',NULL,'^\\d{1,5}$','应为1-5位数字','1',NULL),
	(338,34,NULL,'11',9,'70','180','100','25','hright','代码备注',NULL,'1',NULL,NULL,NULL,'1',NULL),
	(339,34,'codeMark','12',10,'200','180','150','25',NULL,NULL,NULL,'1',NULL,'^.{1,45}$','字符长度不得超过45位','0',NULL),
	(340,34,NULL,'04',11,'323','7','75','25','btn_blue icon_refresh','清空',NULL,'1',NULL,NULL,NULL,'1',NULL),
	(341,34,NULL,'03',12,'408','7','75','25','btn_blue icon_update','修改',NULL,'1','code;update',NULL,NULL,'1',NULL),
	(342,35,NULL,'11',1,'70','20','100','25','hright','代码序号',NULL,'1',NULL,NULL,NULL,'1',NULL),
	(343,35,'codeId','12',2,'200','20','150','25',NULL,NULL,NULL,'1',NULL,NULL,NULL,'0',NULL),
	(344,35,NULL,'11',3,'70','60','100','25','hright','代码键',NULL,'1',NULL,NULL,NULL,'1',NULL),
	(345,35,NULL,'11',5,'70','100','100','25','hright','代码值',NULL,'1',NULL,NULL,NULL,'1',NULL),
	(346,35,NULL,'11',7,'70','140','100','25','hright','代码排序',NULL,'1',NULL,NULL,NULL,'1',NULL),
	(347,35,NULL,'11',9,'70','180','100','25','hright','代码备注',NULL,'1',NULL,NULL,NULL,'1',NULL),
	(348,35,'codeKey','12',4,'200','60','150','25',NULL,NULL,NULL,'1',NULL,NULL,NULL,'0',NULL),
	(349,35,'codeValue','12',6,'200','100','150','25',NULL,NULL,NULL,'1',NULL,NULL,NULL,'0',NULL),
	(350,35,'codeNo','12',8,'200','140','150','25',NULL,NULL,NULL,'1',NULL,NULL,NULL,'0',NULL),
	(351,35,'codeMark','12',10,'200','180','150','25',NULL,NULL,NULL,'1',NULL,NULL,NULL,'0',NULL),
	(352,101,NULL,'00',1,'100','30','75','25',NULL,'查看',NULL,'1','user;init;pagename=user_select','10',NULL,'1',NULL),
	(353,101,'user_query','02',2,'100','70','75','25','icon_query','查询',NULL,'1','user;init;pagename=user_query','00',NULL,'1',NULL),
	(354,101,'user_insert','02',3,'100','110','75','25','icon_insert','增加',NULL,'1','user;init;pagename=user_insert','00',NULL,'1',NULL),
	(355,101,'user_update','02',4,'100','150','75','25','icon_update','修改',NULL,'1','user;init;pagename=user_update','10',NULL,'1',NULL),
	(356,101,'user_delete','02',5,'100','190','75','25','icon_delete','删除',NULL,'1','user;delete','21',NULL,'1',NULL),
	(357,101,'user_updatepswd','02',6,'100','230','100','25','icon_common','强行改密',NULL,'1','user;init;pagename=user_updatepswd','10',NULL,'1',NULL),
	(358,101,'user_auth','02',7,'100','270','75','25','icon_common','授权',NULL,'1','user;init;pagename=user_auth','10',NULL,'1',NULL),
	(359,101,'user_cancel','02',8,'100','310','75','25','icon_common','禁用',NULL,'1','user;cancel','11',NULL,'1',NULL),
	(360,101,'user_enable','02',9,'100','350','75','25','icon_common','启用',NULL,'1','user;enable','11',NULL,'1',NULL),
	(361,101,'userName','01',10,'300','30','150','25',NULL,'用户名',NULL,'1',NULL,NULL,NULL,'1',NULL),
	(362,101,'userRealname','01',11,'300','70','80','25',NULL,'真实姓名',NULL,'1',NULL,NULL,NULL,'1',NULL),
	(363,101,'userPhone','01',12,'300','110','120','25',NULL,'用户手机',NULL,'1',NULL,NULL,NULL,'1',NULL),
	(364,101,'userEmail','01',13,'300','150','0','25',NULL,'电子邮箱',NULL,'1',NULL,NULL,NULL,'1',NULL),
	(365,101,'userState','01',14,'300','190','80','25',NULL,'用户状态','[C]{C004}','1',NULL,NULL,NULL,'1',NULL),
	(366,101,'userAccessType','01',15,'300','230','80','25',NULL,'授权方式','[C]{C010}','1',NULL,NULL,NULL,'1',NULL),
	(367,101,'roleId','01',16,'300','270','150','25',NULL,'用户角色','[M]{udata;role}','1',NULL,NULL,NULL,'1',NULL),
	(368,102,NULL,'11',1,'60','100','100','25','hright','真实姓名',NULL,'1',NULL,NULL,NULL,'1',NULL),
	(369,102,'userName','12',1,'170','20','150','25',NULL,NULL,NULL,'1',NULL,'^.{0,30}$','字符长度不得超过30位','0',NULL),
	(370,102,'userState','15',2,'170','60','100','25',NULL,NULL,'[C]{C004}','1',NULL,NULL,NULL,'0',NULL),
	(371,102,'userRealname','12',3,'170','100','150','25',NULL,NULL,NULL,'1',NULL,'^.{0,30}$','字符长度不得超过30位','0',NULL),
	(372,102,NULL,'11',3,'60','140','100','25','hright','用户手机',NULL,'1',NULL,NULL,NULL,'1',NULL),
	(373,102,NULL,'11',3,'60','220','100','25','hright','授权方式',NULL,'1',NULL,NULL,NULL,'1',NULL),
	(374,102,NULL,'11',4,'60','260','100','25','hright','用户角色',NULL,'1',NULL,NULL,NULL,'1',NULL),
	(375,102,'userPhone','12',4,'170','140','150','25',NULL,NULL,NULL,'1',NULL,'^1[3|4|5|8][0-9]\\d{4,8}$','手机号格式不正确','0',NULL),
	(376,102,'userEmail','12',5,'170','180','150','25',NULL,NULL,NULL,'1',NULL,'^\\w+([-+.]\\w+)*@\\w+([-.]\\w+)*\\.\\w+([-.]\\w+)*$','电子邮箱格式不正确','0',NULL),
	(377,102,'userAccessType','15',6,'170','220','100','25',NULL,NULL,'[C]{C010}','1',NULL,NULL,NULL,'0',NULL),
	(378,102,'roleId','15',7,'170','260','100','25',NULL,NULL,'[M]{udata;role}','1',NULL,NULL,NULL,'0',NULL),
	(379,102,NULL,'11',12,'60','60','100','25','hright','用户状态',NULL,'1',NULL,NULL,NULL,'1',NULL),
	(380,102,NULL,'11',14,'60','180','100','25','hright','电子邮箱',NULL,'1',NULL,NULL,NULL,'1',NULL),
	(381,102,NULL,'11',22,'60','20','100','25','hright','用户名',NULL,'1',NULL,NULL,NULL,'1',NULL),
	(382,102,NULL,'04',8,'263','7','75','25','btn_blue icon_refresh','清空',NULL,'1',NULL,NULL,NULL,'1',NULL),
	(383,102,NULL,'03',9,'348','7','75','25','btn_blue icon_query','查询',NULL,'1','user;query;pagename=user_list',NULL,NULL,'1',NULL),
	(384,103,'userName','12',1,'170','20','150','25',NULL,NULL,NULL,'1',NULL,'^.{4,30}$','字符长度最少4位，不得超过30位','1',NULL),
	(385,103,NULL,'11',1,'60','100','100','25','hright','*真实姓名',NULL,'1',NULL,NULL,NULL,'1',NULL),
	(386,103,'userPswd','12',2,'170','60','150','25',NULL,NULL,NULL,'1',NULL,'^.{6,16}$','字符长度最少6位，不得超过16位','1','displayAsPassword=true'),
	(387,103,'userRealname','12',3,'170','100','150','25',NULL,NULL,NULL,'1',NULL,'^.{2,30}$','字符长度为2-30个字符','1',NULL),
	(388,103,NULL,'11',3,'60','60','100','25','hright','*密  码',NULL,'1',NULL,NULL,NULL,'1',NULL),
	(389,103,NULL,'11',3,'60','140','100','25','hright','用户手机',NULL,'1',NULL,NULL,NULL,'1',NULL),
	(390,103,NULL,'11',3,'60','220','100','25','hright','*授权方式',NULL,'1',NULL,NULL,NULL,'1',NULL),
	(391,103,NULL,'11',4,'60','260','100','25','hright','*用户角色',NULL,'1',NULL,NULL,NULL,'1',NULL),
	(392,103,'userPhone','12',4,'170','140','150','25',NULL,NULL,NULL,'1',NULL,'^1[3|4|5|8][0-9]\\d{4,8}$','手机号格式不正确','0',NULL),
	(393,103,'userEmail','12',5,'170','180','150','25',NULL,NULL,NULL,'1',NULL,'^\\w+([-+.]\\w+)*@\\w+([-.]\\w+)*\\.\\w+([-.]\\w+)*$','电子邮箱格式不正确','0',NULL),
	(394,103,'userAccessType','15',6,'170','220','100','25',NULL,NULL,'[C]{C010}','1',NULL,NULL,NULL,'1',NULL),
	(395,103,'roleId','15',7,'170','260','100','25',NULL,'1','[M]{udata;role}','1',NULL,NULL,NULL,'1',NULL),
	(396,103,NULL,'11',14,'60','180','100','25','hright','电子邮箱',NULL,'1',NULL,NULL,NULL,'1',NULL),
	(397,103,NULL,'11',22,'60','20','100','25','hright','*用户名',NULL,'1',NULL,NULL,NULL,'1',NULL),
	(398,103,NULL,'04',8,'263','7','75','25','btn_blue icon_refresh','清空',NULL,'1',NULL,NULL,NULL,'1',NULL),
	(399,103,NULL,'03',9,'348','7','75','25','btn_blue icon_insert','增加',NULL,'1','user;insert',NULL,NULL,'1',NULL),
	(400,104,NULL,'11',1,'60','20','100','25','hright','*真实姓名',NULL,'1',NULL,NULL,NULL,'1',NULL),
	(401,104,'userRealname','12',1,'170','20','150','25',NULL,NULL,NULL,'1',NULL,'^.{2,30}$','字符长度为2-30个字符','1',NULL),
	(402,104,'userPhone','12',2,'170','60','150','25',NULL,NULL,NULL,'1',NULL,'^1[3|4|5|8][0-9]\\d{4,8}$','手机号格式不正确','0',NULL),
	(403,104,NULL,'11',3,'60','60','100','25','hright','用户手机',NULL,'1',NULL,NULL,NULL,'1',NULL),
	(404,104,NULL,'11',3,'60','140','100','25','hright','*授权方式',NULL,'1',NULL,NULL,NULL,'1',NULL),
	(405,104,'userEmail','12',3,'170','100','150','25',NULL,NULL,NULL,'1',NULL,'^\\w+([-+.]\\w+)*@\\w+([-.]\\w+)*\\.\\w+([-.]\\w+)*$','电子邮箱格式不正确','0',NULL),
	(406,104,NULL,'11',4,'60','180','100','25','hright','*用户角色',NULL,'1',NULL,NULL,NULL,'1',NULL),
	(407,104,'userAccessType','15',4,'170','140','100','25',NULL,NULL,'[C]{C010}','1',NULL,NULL,NULL,'1',NULL),
	(408,104,'roleId','15',5,'170','180','100','25',NULL,NULL,'[M]{udata;role}','1',NULL,NULL,NULL,'1',NULL),
	(409,104,NULL,'11',14,'60','100','100','25','hright','电子邮箱',NULL,'1',NULL,NULL,NULL,'1',NULL),
	(410,104,NULL,'04',6,'263','7','75','25','btn_blue icon_refresh','清空',NULL,'1',NULL,NULL,NULL,'1',NULL),
	(411,104,NULL,'03',7,'348','7','75','25','btn_blue icon_update','修改',NULL,'1','user;update',NULL,NULL,'1',NULL),
	(412,105,NULL,'11',1,'60','60','100','25','hright','真实姓名',NULL,'1',NULL,NULL,NULL,'1',NULL),
	(413,105,'userName','12',1,'170','20','150','25',NULL,NULL,NULL,'1',NULL,NULL,NULL,'0',NULL),
	(414,105,'userRealname','12',2,'170','60','150','25',NULL,NULL,NULL,'1',NULL,NULL,NULL,'0',NULL),
	(415,105,NULL,'11',3,'60','100','100','25','hright','用户手机',NULL,'1',NULL,NULL,NULL,'1',NULL),
	(416,105,'userPhone','12',3,'170','100','150','25',NULL,NULL,NULL,'1',NULL,NULL,NULL,'0',NULL),
	(417,105,NULL,'11',4,'60','260','100','25','hright','用户角色',NULL,'1',NULL,NULL,NULL,'1',NULL),
	(418,105,'userEmail','12',4,'170','140','150','25',NULL,NULL,NULL,'1',NULL,NULL,NULL,'0',NULL),
	(419,105,'userState','12',5,'170','180','150','25',NULL,NULL,'[C]{C004}','1',NULL,NULL,NULL,'0',NULL),
	(420,105,'userAccessType','12',6,'170','220','150','25',NULL,NULL,'[C]{C010}','1',NULL,NULL,NULL,'0',NULL),
	(421,105,'roleId','12',7,'170','260','150','25',NULL,NULL,'[M]{udata;role}','1',NULL,NULL,NULL,'0',NULL),
	(422,105,NULL,'11',12,'60','180','100','25','hright','用户状态',NULL,'1',NULL,NULL,NULL,'1',NULL),
	(423,105,NULL,'11',13,'60','140','100','25','hright','电子邮箱',NULL,'1',NULL,NULL,NULL,'1',NULL),
	(424,105,NULL,'11',15,'60','220','100','25','hright','授权方式',NULL,'1',NULL,NULL,NULL,'1',NULL),
	(425,105,NULL,'11',22,'60','20','100','25','hright','用户名',NULL,'1',NULL,NULL,NULL,'1',NULL),
	(426,106,NULL,'11',1,'60','20','100','25','hright','*新密码',NULL,'1',NULL,NULL,NULL,'1',NULL),
	(427,106,'newpassword','12',1,'170','20','150','25',NULL,NULL,NULL,'1',NULL,'^.{6,16}$','字符长度最少6位，不得超过16位','1','displayAsPassword=true'),
	(428,106,'renewpassword','12',2,'170','60','150','25',NULL,NULL,NULL,'1',NULL,'^.{6,16}$','字符长度最少6位，不得超过16位','1','displayAsPassword=true'),
	(429,106,NULL,'11',3,'60','60','100','25','hright','*确认密码',NULL,'1',NULL,NULL,NULL,'1',NULL),
	(430,106,NULL,'04',3,'263','7','75','25','btn_blue icon_refresh','清空',NULL,'1',NULL,NULL,NULL,'1',NULL),
	(431,106,NULL,'03',4,'348','7','75','25','btn_blue icon_update','确定',NULL,'1','user;updatepswd',NULL,NULL,'1',NULL),
	(432,107,NULL,'11',1,'30','10','50','25','hleft','用户名:',NULL,'1',NULL,NULL,NULL,'0',NULL),
	(433,107,NULL,'11',2,'82','10','100','25','hleft red','[D]{userName}',NULL,'1',NULL,NULL,NULL,'0',NULL),
	(434,107,NULL,'11',3,'220','10','60','25','hleft','真实姓名:',NULL,'1',NULL,NULL,NULL,'0',NULL),
	(435,107,NULL,'11',4,'282','10','150','25','hleft red','[D]{userRealname}',NULL,'1',NULL,NULL,NULL,'0',NULL),
	(436,107,'userAuth','23',5,'30','50','540','320',NULL,NULL,'[M]{data;func}','1',NULL,NULL,NULL,'1',NULL),
	(437,107,NULL,'04',8,'423','7','75','25','btn_blue icon_refresh','清空',NULL,'1',NULL,NULL,NULL,'1',NULL),
	(438,107,NULL,'03',9,'508','7','75','25','btn_blue icon_common','授权',NULL,'1','user;auth',NULL,NULL,'1',NULL),
	(439,108,NULL,'11',1,'60','20','100','25','hright','*原始密码',NULL,'1',NULL,NULL,NULL,'1',NULL),
	(440,108,'oldpassword','12',1,'170','20','150','25',NULL,NULL,NULL,'1',NULL,'^.{6,16}$','字符长度最少6位，不得超过16位','1','displayAsPassword=true'),
	(441,108,'newpassword','12',2,'170','60','150','25',NULL,NULL,NULL,'1',NULL,'^.{6,16}$','字符长度最少6位，不得超过16位','1','displayAsPassword=true'),
	(442,108,'renewpassword','12',2,'170','100','150','25',NULL,NULL,NULL,'1',NULL,'^.{6,16}$','字符长度最少6位，不得超过16位','1','displayAsPassword=true'),
	(443,108,NULL,'11',3,'60','60','100','25','hright','*新密码',NULL,'1',NULL,NULL,NULL,'1',NULL),
	(444,108,NULL,'11',3,'60','100','100','25','hright','*确认新密码',NULL,'1',NULL,NULL,NULL,'1',NULL),
	(445,108,NULL,'04',3,'263','7','75','25','btn_blue icon_refresh','清空',NULL,'1',NULL,NULL,NULL,'1',NULL),
	(446,108,NULL,'03',4,'348','7','75','25','btn_blue icon_update','确定',NULL,'1','user;supdatepswd',NULL,NULL,'1',NULL),
	(447,109,NULL,'11',1,'60','20','100','25','hright','*真实姓名',NULL,'1',NULL,NULL,NULL,'1',NULL),
	(448,109,'userRealname','12',1,'170','20','150','25',NULL,'[S]{userRealname}',NULL,'1',NULL,'^.{2,30}$','字符长度为2-30位','1','datainit=false'),
	(449,109,'userPhone','12',2,'170','60','150','25',NULL,'[S]{userPhone}',NULL,'1',NULL,'^1[3|4|5|8][0-9]\\d{4,8}$','手机号格式不正确','0','datainit=false'),
	(450,109,NULL,'11',3,'60','60','100','25','hright','用户手机',NULL,'1',NULL,NULL,NULL,'1',NULL),
	(451,109,'userEmail','12',3,'170','100','150','25',NULL,'[S]{userEmail}',NULL,'1',NULL,'^\\w+([-+.]\\w+)*@\\w+([-.]\\w+)*\\.\\w+([-.]\\w+)*$','电子邮箱格式不正确','0','datainit=false'),
	(452,109,NULL,'11',14,'60','100','100','25','hright','电子邮箱',NULL,'1',NULL,NULL,NULL,'1',NULL),
	(453,109,NULL,'04',6,'263','7','75','25','btn_blue icon_refresh','清空',NULL,'1',NULL,NULL,NULL,'1',NULL),
	(454,109,NULL,'03',7,'348','7','75','25','btn_blue icon_update','修改',NULL,'1','user;supdate',NULL,NULL,'1',NULL),
	(455,111,NULL,'00',1,'100','30','75','25',NULL,'查看',NULL,'1','role;init;pagename=role_select','10',NULL,'1',NULL),
	(456,111,'role_query','02',2,'100','70','75','25','icon_query','查询',NULL,'1','role;init;pagename=role_query','00',NULL,'1',NULL),
	(457,111,'role_insert','02',3,'100','110','75','25','icon_insert','增加',NULL,'1','role;init;pagename=role_insert','00',NULL,'1',NULL),
	(458,111,'role_update','02',4,'100','150','75','25','icon_update','修改',NULL,'1','role;init;pagename=role_update','10',NULL,'1',NULL),
	(459,111,'role_delete','02',5,'100','190','75','25','icon_delete','删除',NULL,'1','role;delete','11',NULL,'1',NULL),
	(460,111,'roleName','01',7,'300','30','200','25',NULL,'角色名称',NULL,'1',NULL,NULL,NULL,'1',NULL),
	(461,111,'roleRemark','01',8,'300','70','0','25',NULL,'角色备注',NULL,'1',NULL,NULL,NULL,'1',NULL),
	(462,111,'role_auth','02',6,'100','230','75','25','icon_common','授权',NULL,'1','role;init;pagename=role_auth','10',NULL,'1',NULL),
	(463,112,NULL,'11',1,'60','40','100','25','hright','角色名称',NULL,'1',NULL,NULL,NULL,'1',NULL),
	(464,112,'roleName','12',1,'170','40','150','25',NULL,NULL,NULL,'1',NULL,'^.{1,30}$','字符长度不得超过30位','0',NULL),
	(465,112,NULL,'04',2,'263','7','75','25','btn_blue icon_refresh','清空',NULL,'1',NULL,NULL,NULL,'1',NULL),
	(466,112,NULL,'03',3,'348','7','75','25','btn_blue icon_query','查询',NULL,'1','role;query;pagename=role_list',NULL,NULL,'1',NULL),
	(467,113,NULL,'11',1,'60','20','100','25','hright','*角色名称',NULL,'1',NULL,NULL,NULL,'1',NULL),
	(468,113,'roleName','12',1,'170','20','150','25',NULL,NULL,NULL,'1',NULL,'^.{1,30}$','字符长度不得超过30位','1',NULL),
	(469,113,'roleRemark','13',2,'170','60','250','90',NULL,NULL,NULL,'1',NULL,'^.{1,250}$','字符长度不得超过250位','0',NULL),
	(470,113,NULL,'11',3,'60','60','100','25','hright','角色备注',NULL,'1',NULL,NULL,NULL,'1',NULL),
	(471,113,NULL,'04',3,'363','7','75','25','btn_blue icon_refresh','清空',NULL,'1',NULL,NULL,NULL,'1',NULL),
	(472,113,NULL,'03',4,'448','7','75','25','btn_blue icon_insert','增加',NULL,'1','role;insert',NULL,NULL,'1',NULL),
	(473,114,NULL,'11',1,'60','20','100','25','hright','*角色名称',NULL,'1',NULL,NULL,NULL,'1',NULL),
	(474,114,'roleName','12',1,'180','20','150','25',NULL,NULL,NULL,'1',NULL,'^.{1,30}$','字符长度不得超过30位','1',NULL),
	(475,114,'roleRemark','13',2,'180','60','250','90',NULL,NULL,NULL,'1',NULL,'^.{0,250}$','字符长度不得超过250位','0',NULL),
	(476,114,NULL,'11',3,'60','60','100','25','hright','角色备注',NULL,'1',NULL,NULL,NULL,'1',NULL),
	(477,114,NULL,'04',3,'363','7','75','25','btn_blue icon_refresh','清空',NULL,'1',NULL,NULL,NULL,'1',NULL),
	(478,114,NULL,'03',4,'448','7','75','25','btn_blue icon_update','修改',NULL,'1','role;update',NULL,NULL,'1',NULL),
	(479,115,'roleName','12',1,'170','20','150','25',NULL,NULL,NULL,'1',NULL,NULL,NULL,'0',NULL),
	(480,115,'roleRemark','13',2,'170','60','250','90',NULL,NULL,NULL,'1',NULL,NULL,NULL,'0',NULL),
	(481,115,NULL,'11',3,'60','20','100','25','hright','角色名称',NULL,'1',NULL,NULL,NULL,'1',NULL),
	(482,115,NULL,'11',4,'60','60','100','25','hright','角色备注',NULL,'1',NULL,NULL,NULL,'1',NULL),
	(483,116,NULL,'11',1,'30','10','50','25','hleft','角色名:',NULL,'1',NULL,NULL,NULL,'0',NULL),
	(484,116,NULL,'11',2,'82','10','200','25','hleft red','[D]{roleName}',NULL,'1',NULL,NULL,NULL,'0',NULL),
	(485,116,'roleAuth','23',5,'30','50','540','300',NULL,NULL,'[M]{data;func}','1',NULL,NULL,NULL,'1',NULL),
	(486,116,NULL,'04',8,'423','7','75','25','btn_blue icon_refresh','清空',NULL,'1',NULL,NULL,NULL,'1',NULL),
	(487,116,NULL,'03',9,'508','7','75','25','btn_blue icon_common','授权',NULL,'1','role;auth',NULL,NULL,'1',NULL),
	(512,41,NULL,'02',1,'100','30','75','25','icon_query','查询',NULL,'1','region;init;pagename=region_query','00',NULL,'1',NULL),
	(513,41,NULL,'02',2,'100','70','75','25','icon_insert','增加',NULL,'1','region;init;pagename=region_insert','00',NULL,'1',NULL),
	(514,41,NULL,'02',3,'100','110','75','25','icon_update','修改',NULL,'1','region;init;pagename=region_update','10',NULL,'1',NULL),
	(515,41,NULL,'02',4,'100','140','75','25','icon_delete','删除',NULL,'1','region;delete','11',NULL,'1',NULL),
	(516,41,'regionId','01',5,'300','30','100','25',NULL,'地区代码ID',NULL,'1',NULL,NULL,NULL,'1',NULL),
	(517,41,'regionNo','01',6,'300','70','100','25',NULL,'地区代码序号',NULL,'1',NULL,NULL,NULL,'1',NULL),
	(518,41,'regionLevel','01',7,'300','110','100','25',NULL,'地区代码级别',NULL,'1',NULL,NULL,NULL,'1',NULL),
	(519,41,'regionName','01',8,'300','150','100','25',NULL,'地区代码名称',NULL,'1',NULL,NULL,NULL,'1',NULL),
	(520,41,'regionSpell','01',9,'300','190','100','25',NULL,'地区代码全拼',NULL,'1',NULL,NULL,NULL,'1',NULL),
	(521,41,'regionPid','01',9,'300','260','100','25',NULL,'地区代码PID',NULL,'0',NULL,NULL,NULL,'1',NULL),
	(522,41,'regionRemark','01',10,'300','230','0','25',NULL,'地区代码备注',NULL,'1',NULL,NULL,NULL,'1',NULL),
	(523,42,NULL,'11',1,'20','20','100','25','hright','所属地区',NULL,'1',NULL,NULL,NULL,'0',NULL),
	(524,42,'regionPid','16',2,'150','20','250','25','hleft',NULL,'[M]{cdata;regionXml}','1',NULL,NULL,NULL,'0',NULL),
	(525,42,NULL,'11',3,'20','60','100','25','hright','地区代码序号',NULL,'1',NULL,NULL,NULL,'0',NULL),
	(526,42,'regionNo','12',4,'150','60','250','25',NULL,NULL,NULL,'1',NULL,'^\\d{1,10}$','地区代码序号应为1-10位数字','0',NULL),
	(527,42,NULL,'11',5,'20','100','100','25','hright','地区代码名称',NULL,'1',NULL,NULL,NULL,'0',NULL),
	(528,42,'regionName','12',6,'150','100','250','25',NULL,NULL,NULL,'1',NULL,'^.{1,20}$','字符长度不得超过20位','0',NULL),
	(529,42,NULL,'11',7,'20','140','100','25','hright','地区代码级别',NULL,'1',NULL,NULL,NULL,'0',NULL),
	(530,42,'regionLevel','12',8,'150','140','250','25',NULL,NULL,NULL,'1',NULL,'^\\d{1,1}$','地区代码级别应为1位数字','0',NULL),
	(531,42,NULL,'04',9,'303','7','75','25','btn_blue icon_refresh','清空',NULL,'1',NULL,NULL,NULL,'0',NULL),
	(532,42,NULL,'03',10,'388','7','75','25','btn_blue icon_query','查询',NULL,'1','region;query;pagename=region_list',NULL,NULL,'0',NULL),
	(533,43,NULL,'11',1,'20','20','100','25','hright','所属地区',NULL,'1',NULL,NULL,NULL,'0',NULL),
	(534,43,'regionPid','16',2,'150','20','250','25','hleft',NULL,'[M]{cdata;regionXml}','1',NULL,NULL,NULL,'0',NULL),
	(535,43,NULL,'11',3,'20','60','100','25','hright','地区代码ID',NULL,'1',NULL,NULL,NULL,'0',NULL),
	(536,43,'regionId','12',4,'150','60','250','25',NULL,NULL,NULL,'1',NULL,'^\\d{1,10}$','地区代码ID应为1-10位数字','0',NULL),
	(537,43,NULL,'11',5,'20','100','100','25','hright','地区代码序号',NULL,'1',NULL,NULL,NULL,'0',NULL),
	(538,43,'regionNo','12',6,'150','100','250','25',NULL,NULL,NULL,'1',NULL,'^\\d{1,10}$','地区代码序号应为1-10位数字','0',NULL),
	(539,43,NULL,'11',7,'20','140','100','25','hright','地区代码级别',NULL,'1',NULL,NULL,NULL,'0',NULL),
	(540,43,NULL,'11',7,'20','180','100','25','hright','地区代码名称',NULL,'1',NULL,NULL,NULL,'0',NULL),
	(541,43,NULL,'11',7,'20','220','100','25','hright','地区代码全拼',NULL,'1',NULL,NULL,NULL,'0',NULL),
	(542,43,NULL,'11',7,'20','260','100','25','hright','地区代码备注',NULL,'1',NULL,NULL,NULL,'0',NULL),
	(543,43,'regionLevel','12',8,'150','140','250','25',NULL,NULL,NULL,'1',NULL,'^\\d{1,1}$','地区代码级别应为1位数字','0',NULL),
	(544,43,'regionName','12',8,'150','180','250','25',NULL,NULL,NULL,'1',NULL,'^.{1,20}$','字符长度不得超过20位','0',NULL),
	(545,43,'regionSpell','12',8,'150','220','250','25',NULL,NULL,NULL,'1',NULL,'^.{1,40}$','字符长度不得超过40位','0',NULL),
	(546,43,'regionRemark','12',8,'150','260','250','25',NULL,NULL,NULL,'1',NULL,'^.{1,40}$','字符长度不得超过40位','0',NULL),
	(547,43,NULL,'04',9,'303','7','75','25','btn_blue icon_refresh','清空',NULL,'1',NULL,NULL,NULL,'0',NULL),
	(548,43,NULL,'03',10,'388','7','75','25','btn_blue icon_insert','增加',NULL,'1','region;insert;pagename=region_list',NULL,NULL,'0',NULL),
	(549,44,NULL,'11',1,'20','20','100','25','hright','所属地区',NULL,'1',NULL,NULL,NULL,'0',NULL),
	(550,44,'regionPid','16',2,'150','20','250','25','hleft',NULL,'[M]{cdata;regionXml}','1',NULL,NULL,NULL,'0',NULL),
	(551,44,NULL,'11',3,'20','60','100','25','hright','地区代码ID',NULL,'1',NULL,NULL,NULL,'0',NULL),
	(552,44,'regionId','12',4,'150','60','250','25',NULL,NULL,NULL,'1',NULL,'^\\d{1,10}$','地区代码ID应为1-10位数字','0',NULL),
	(553,44,NULL,'11',5,'20','100','100','25','hright','地区代码序号',NULL,'1',NULL,NULL,NULL,'0',NULL),
	(554,44,'regionNo','12',6,'150','100','250','25',NULL,NULL,NULL,'1',NULL,'^\\d{1,10}$','地区代码序号应为1-10位数字','0',NULL),
	(555,44,NULL,'11',7,'20','140','100','25','hright','地区代码级别',NULL,'1',NULL,NULL,NULL,'0',NULL),
	(556,44,NULL,'11',7,'20','180','100','25','hright','地区代码名称',NULL,'1',NULL,NULL,NULL,'0',NULL),
	(557,44,NULL,'11',7,'20','220','100','25','hright','地区代码全拼',NULL,'1',NULL,NULL,NULL,'0',NULL),
	(558,44,NULL,'11',7,'20','260','100','25','hright','地区代码备注',NULL,'1',NULL,NULL,NULL,'0',NULL),
	(559,44,'regionLevel','12',8,'150','140','250','25',NULL,NULL,NULL,'1',NULL,'^\\d{1,1}$','地区代码级别应为1位数字','0',NULL),
	(560,44,'regionName','12',8,'150','180','250','25',NULL,NULL,NULL,'1',NULL,'^.{1,20}$','字符长度不得超过20位','0',NULL),
	(561,44,'regionSpell','12',8,'150','220','250','25',NULL,NULL,NULL,'1',NULL,'^.{1,40}$','字符长度不得超过40位','0',NULL),
	(562,44,'regionRemark','12',8,'150','260','250','25',NULL,NULL,NULL,'1',NULL,'^.{1,40}$','字符长度不得超过40位','0',NULL),
	(563,44,NULL,'04',9,'303','7','75','25','btn_blue icon_refresh','清空',NULL,'1',NULL,NULL,NULL,'0',NULL),
	(564,44,NULL,'03',10,'388','7','75','25','btn_blue icon_update','修改',NULL,'1','region;update;pagename=region_list',NULL,NULL,'0',NULL);

/*!40000 ALTER TABLE `tm_system_page_detail` ENABLE KEYS */;
UNLOCK TABLES;


# Dump of table tm_system_role
# ------------------------------------------------------------

DROP TABLE IF EXISTS `tm_system_role`;

CREATE TABLE `tm_system_role` (
  `role_id` int(10) unsigned NOT NULL AUTO_INCREMENT COMMENT '角色ID',
  `role_name` varchar(20) NOT NULL COMMENT '角色名称',
  `role_auth` varchar(300) DEFAULT NULL,
  `role_remark` varchar(256) DEFAULT NULL COMMENT '角色备注',
  PRIMARY KEY (`role_id`)
) ENGINE=InnoDB AUTO_INCREMENT=3 DEFAULT CHARSET=utf8 COMMENT='E-后台角色管理表';

LOCK TABLES `tm_system_role` WRITE;
/*!40000 ALTER TABLE `tm_system_role` DISABLE KEYS */;
INSERT INTO `tm_system_role` (`role_id`,`role_name`,`role_auth`,`role_remark`)
VALUES
	(1,'默认管理员','0A2D5000000000000000000001004F7D801816DE00000000000000000000000000000000000701C0701C0701C000000001C0701C0601C0701C0601C0701C000000001C0701C0000000000000000701C0701C','默认系统管理员');

/*!40000 ALTER TABLE `tm_system_role` ENABLE KEYS */;
UNLOCK TABLES;


# Dump of table tm_system_user
# ------------------------------------------------------------

DROP TABLE IF EXISTS `tm_system_user`;

CREATE TABLE `tm_system_user` (
  `user_id` int(11) NOT NULL AUTO_INCREMENT COMMENT '用户ID',
  `role_id` int(11) DEFAULT NULL,
  `user_name` varchar(45) NOT NULL COMMENT '登录用户名',
  `user_pswd` varchar(45) NOT NULL COMMENT '登录密码',
  `user_realname` varchar(45) NOT NULL COMMENT '用户真实姓名',
  `user_phone` varchar(15) DEFAULT NULL COMMENT '用户手机',
  `user_tel` varchar(15) DEFAULT NULL COMMENT '用户邮箱',
  `user_email` varchar(150) DEFAULT NULL COMMENT '用户电话',
  `user_address` varchar(45) DEFAULT NULL COMMENT '用户住址',
  `user_card_no` varchar(20) DEFAULT NULL COMMENT '身份证',
  `user_born_date` varchar(45) DEFAULT NULL COMMENT '出生日期',
  `user_auth` varchar(300) DEFAULT NULL,
  `user_state` varchar(2) NOT NULL,
  `user_access_type` varchar(2) NOT NULL,
  `user_sex` varchar(2) DEFAULT NULL,
  `dept_id` varchar(10) DEFAULT NULL,
  PRIMARY KEY (`user_id`)
) ENGINE=InnoDB AUTO_INCREMENT=5 DEFAULT CHARSET=utf8 COMMENT='E-后台用户管理表';

LOCK TABLES `tm_system_user` WRITE;
/*!40000 ALTER TABLE `tm_system_user` DISABLE KEYS */;
INSERT INTO `tm_system_user` (`user_id`,`role_id`,`user_name`,`user_pswd`,`user_realname`,`user_phone`,`user_tel`,`user_email`,`user_address`,`user_card_no`,`user_born_date`,`user_auth`,`user_state`,`user_access_type`,`user_sex`,`dept_id`)
VALUES
	(1,1,'admin','9d9a465bebaee37d26bb04a9c714df20','系统','15210860222','010-88888888',NULL,NULL,NULL,NULL,'7FFFFFFFFFFFFFFFFFFFFFFFFFFFFFFFFFFFFFFFFFFFFFFFFFFFFFFFFFFFFFFFFFFFFFFFFFFFFFFFFFFFFFFFFFFFFFFFFFFFFFFFFFFFFFFFFFFFFFFFFFFFFFFFFFFFFFFFFFFFFFFFFFFFFFFFFFFFFFFFFFFFFFFFFFFFFFFFFFFFFFFFFFFFFFFFFFFFFFFFFFFFFFFFFFFFFFFFFFFFFFFFFFFFFFFFFFFFFFFFFFFFFFFFFFFFFFFF8','01','02',NULL,NULL);

/*!40000 ALTER TABLE `tm_system_user` ENABLE KEYS */;
UNLOCK TABLES;


# Dump of table tr_system_operate_log
# ------------------------------------------------------------

DROP TABLE IF EXISTS `tr_system_operate_log`;

CREATE TABLE `tr_system_operate_log` (
  `operate_id` int(11) NOT NULL AUTO_INCREMENT COMMENT '自增ID',
  `func_id` varchar(11) NOT NULL COMMENT '功能ID(FK)',
  `user_id` varchar(11) NOT NULL COMMENT '用户ID(FK)',
  `operate_ip` varchar(20) NOT NULL COMMENT '操作时间',
  `operate_time` varchar(20) NOT NULL COMMENT '操作IP',
  `operate_detail` varchar(150) DEFAULT NULL,
  PRIMARY KEY (`operate_id`)
) ENGINE=InnoDB DEFAULT CHARSET=utf8 COMMENT='E-管理员操作记录表';






/*!40111 SET SQL_NOTES=@OLD_SQL_NOTES */;
/*!40101 SET SQL_MODE=@OLD_SQL_MODE */;
/*!40014 SET FOREIGN_KEY_CHECKS=@OLD_FOREIGN_KEY_CHECKS */;
/*!40014 SET UNIQUE_CHECKS=@OLD_UNIQUE_CHECKS */;
/*!40101 SET CHARACTER_SET_CLIENT=@OLD_CHARACTER_SET_CLIENT */;
/*!40101 SET CHARACTER_SET_RESULTS=@OLD_CHARACTER_SET_RESULTS */;
/*!40101 SET COLLATION_CONNECTION=@OLD_COLLATION_CONNECTION */;
